first_name,last_name,email,gender,car,job,age,favorite_film
Wald,Vaneev,wvaneev0@wikispaces.com,Male,Hyundai,Editor,33,Martin & Orloff
Elna,McWaters,emcwaters1@dyndns.org,Female,Mercedes-Benz,Civil Engineer,63,Salut cousin!
Dorian,Pfaffe,dpfaffe2@google.es,Male,Suzuki,Budget/Accounting Analyst I,48,"Village Barbershop, The"
Judas,Dilks,jdilks3@illinois.edu,Male,Mercedes-Benz,Financial Advisor,113,Yesterday
Evangelin,Buard,ebuard4@youku.com,Female,Oldsmobile,Business Systems Development Analyst,114,My Sucky Teen Romance
Jorey,Bertenshaw,jbertenshaw5@reddit.com,Female,Honda,Nurse Practicioner,23,Batman
Sarene,Bemrose,sbemrose6@dell.com,Female,Pontiac,Geological Engineer,46,Celtic Pride
Tiffy,Castagnone,tcastagnone7@slashdot.org,Female,Saturn,General Manager,29,In the Company of Men
Broderick,Stopps,bstopps8@ucoz.ru,Male,Mitsubishi,General Manager,84,Body/Cialo
Page,Hambelton,phambelton9@chicagotribune.com,Male,Buick,Technical Writer,82,Harriet the Spy
Kikelia,Oller,kollera@latimes.com,Female,Honda,Research Nurse,7,Rentun Ruusu
Lita,Cullabine,lcullabineb@4shared.com,Female,Cadillac,Paralegal,102,Lupin the 3rd
Laird,Cheer,lcheerc@kickstarter.com,Male,Citroën,Electrical Engineer,96,Miss Minoes
Wittie,Mounce,wmounced@sourceforge.net,Male,Volkswagen,Internal Auditor,113,Beyond Borders
Patric,Yushin,pyushine@google.ru,Male,Mercedes-Benz,Software Engineer III,98,Secuestrados (Kidnapped)
Leanora,Bilham,lbilhamf@wikipedia.org,Female,Land Rover,Physical Therapy Assistant,18,Man with the Gun
Nollie,Mayhead,nmayheadg@altervista.org,Male,Acura,Occupational Therapist,13,"Big Street, The"
Kerwin,Mathey,kmatheyh@cnet.com,Male,Ford,Assistant Professor,117,The Way He Looks
Ban,Zannotelli,bzannotellii@nasa.gov,Male,Plymouth,Chemical Engineer,63,Fellini's Casanova (Il Casanova di Federico Fellini)
Riane,Gremane,rgremanej@seattletimes.com,Female,Isuzu,Paralegal,89,Flaming Star
Quinn,Phear,qpheark@nature.com,Male,Lincoln,Marketing Assistant,111,Delicacy (La délicatesse)
Grantham,Brugger,gbruggerl@chicagotribune.com,Male,Chevrolet,Accounting Assistant IV,46,Chaos Theory
Cesar,Worvell,cworvellm@state.gov,Male,Honda,Civil Engineer,40,Wing and a Prayer
Aubrie,Palmer,apalmern@dagondesign.com,Female,Land Rover,Accounting Assistant III,2,Passionada
Teressa,Gillyett,tgillyetto@sina.com.cn,Female,Porsche,VP Sales,7,Chimes at Midnight (Campanadas a medianoche)
Kameko,Souster,ksousterp@myspace.com,Female,Hyundai,Business Systems Development Analyst,43,"Pleasure Garden, The"
Malchy,Bithell,mbithellq@nih.gov,Male,Honda,Financial Advisor,110,White Palace
Jordana,Gieves,jgievesr@diigo.com,Female,Nissan,Budget/Accounting Analyst III,19,Money Train
Ernie,Pickrell,epickrells@bloglovin.com,Male,Toyota,Account Executive,51,"Cousins, The (Cousins, Les)"
Joel,Housecroft,jhousecroftt@alexa.com,Male,Volkswagen,Account Coordinator,98,"Luzhin Defence, The"
Allayne,Lauderdale,alauderdaleu@ocn.ne.jp,Male,Rolls-Royce,Recruiting Manager,7,"Day After Tomorrow, The"
Addie,Wicks,awicksv@bloglines.com,Female,Ford,Assistant Media Planner,91,Trust
Martica,Yoxen,myoxenw@umn.edu,Female,Chrysler,Research Nurse,53,Goya: Crazy Like a Genius
Irvine,Kiellor,ikiellorx@shutterfly.com,Male,BMW,Nuclear Power Engineer,118,"Mating Game, The"
Antonina,Bahl,abahly@is.gd,Female,Ford,Food Chemist,13,"Countess from Hong Kong, A"
Juditha,Yukhtin,jyukhtinz@jalbum.net,Female,Volkswagen,Help Desk Technician,51,Fight for Your Right Revisited
Arlie,Sieve,asieve10@flickr.com,Female,Volvo,Electrical Engineer,86,Christmas in Conway
Larina,Seaman,lseaman11@blogspot.com,Female,Mitsubishi,Social Worker,9,Marie Antoinette
Amble,Aspinal,aaspinal12@google.com.br,Male,Ford,Internal Auditor,103,Renaissance
Florella,Gaye,fgaye13@va.gov,Female,Chevrolet,Project Manager,13,"Deal, The"
Joseito,Philbin,jphilbin14@twitter.com,Male,Mitsubishi,Nuclear Power Engineer,27,Four Men and a Prayer
Rhianna,Beacom,rbeacom15@bluehost.com,Female,Chevrolet,Legal Assistant,66,Titanic
Flor,Teggart,fteggart16@home.pl,Female,Mercedes-Benz,Cost Accountant,79,"Blind Side, The"
Malchy,Stranaghan,mstranaghan17@blogger.com,Male,Chevrolet,VP Marketing,16,Floating Clouds  (Ukigumo)
Bobbie,Casarini,bcasarini18@comcast.net,Male,GMC,Assistant Media Planner,94,"Holy Mountain, The (Montaña sagrada, La)"
Lenee,Cubbon,lcubbon19@paginegialle.it,Female,Lincoln,Executive Secretary,75,Back to the Secret Garden
Meir,Civitillo,mcivitillo1a@xrea.com,Male,Mercedes-Benz,Mechanical Systems Engineer,89,Hide and Seek
Pavla,Baseggio,pbaseggio1b@cocolog-nifty.com,Female,Pontiac,Assistant Professor,33,Hitman
Glennie,Kynson,gkynson1c@constantcontact.com,Female,Kia,Payment Adjustment Coordinator,111,Audition (Konkurs)
Louise,Pipe,lpipe1d@sakura.ne.jp,Female,Toyota,VP Accounting,73,Lord Jim
Paula,Pickard,ppickard1e@wikimedia.org,Female,Mitsubishi,Senior Quality Engineer,73,"Dinosaur Project, The"
Wright,Bruyntjes,wbruyntjes1f@artisteer.com,Male,Honda,Web Designer I,5,"Passion of Ayn Rand, The"
Chiquia,Bigglestone,cbigglestone1g@sina.com.cn,Female,Volkswagen,Legal Assistant,40,North West Mounted Police
Sebastien,Chrishop,schrishop1h@last.fm,Male,Dodge,Assistant Media Planner,37,"Magician, The (Ansiktet)"
Felicio,Matiewe,fmatiewe1i@barnesandnoble.com,Male,Chevrolet,Human Resources Manager,24,Crocodile Dundee
Daveen,Lathleiff,dlathleiff1j@cafepress.com,Female,Ford,Electrical Engineer,86,Lacombe Lucien
Sandye,De Leek,sdeleek1k@yale.edu,Female,Subaru,Geologist II,34,Prison Terminal: The Last Days of Private Jack Hall
Guthrey,Fairbrass,gfairbrass1l@ted.com,Male,Chevrolet,Paralegal,99,Eggs
Phaidra,McGlaud,pmcglaud1m@google.de,Female,Chrysler,Occupational Therapist,19,"Wild Child, The (Enfant sauvage, L')"
Jaynell,Duigenan,jduigenan1n@vistaprint.com,Female,Audi,Media Manager IV,1,"Prey, The (La proie)"
Trude,Dummett,tdummett1o@oracle.com,Female,Ferrari,Research Nurse,117,Tangerines
Amos,Abrahm,aabrahm1p@hexun.com,Male,Oldsmobile,Account Executive,112,On Golden Pond
Gabi,Blakey,gblakey1q@tuttocitta.it,Female,Dodge,Account Executive,72,"Playboys, The"
Peadar,Feather,pfeather1r@statcounter.com,Male,Pontiac,Product Engineer,117,Derailed
Darius,De Freyne,ddefreyne1s@amazonaws.com,Male,Chevrolet,Nurse Practicioner,75,Calendar
Isabeau,Rembrant,irembrant1t@slate.com,Female,Mazda,Help Desk Operator,60,My Life
Shandee,Brickett,sbrickett1u@patch.com,Female,Acura,Nuclear Power Engineer,79,Buffet froid
Allie,Beaten,abeaten1v@unblog.fr,Male,Lexus,Research Assistant IV,76,Near Dark
Ilaire,Pettecrew,ipettecrew1w@linkedin.com,Male,BMW,Programmer IV,114,Brotherhood of Death
Harriett,Hanson,hhanson1x@blogger.com,Female,Audi,Senior Developer,68,Glengarry Glen Ross
Fanechka,Amiable,famiable1y@nationalgeographic.com,Female,Audi,Human Resources Manager,6,Latter Days
Joycelin,Wolfindale,jwolfindale1z@odnoklassniki.ru,Female,Suzuki,Administrative Officer,39,Torpedo Run
Wynn,Targe,wtarge20@nydailynews.com,Male,Ford,Nuclear Power Engineer,101,Night of the Living Dead 3D
Ed,Boecke,eboecke21@ask.com,Male,Aston Martin,Assistant Manager,87,"Atomic States of America, The"
Clemmy,Greenrodd,cgreenrodd22@nasa.gov,Male,Hyundai,Programmer I,17,Hanging Up
Drusilla,Ratke,dratke23@ask.com,Female,Toyota,Food Chemist,87,Q
Killian,Seleway,kseleway24@npr.org,Male,Volvo,Web Designer III,26,Get Smart
Reeta,Fratson,rfratson25@telegraph.co.uk,Female,Land Rover,Information Systems Manager,120,Diggstown
Vladimir,Edgehill,vedgehill26@t.co,Male,Toyota,Associate Professor,40,Expecting a Miracle
Viv,McGuff,vmcguff27@adobe.com,Female,Suzuki,Quality Control Specialist,45,Boris Godunov
Kimberlee,Scardifield,kscardifield28@ow.ly,Female,GMC,Health Coach III,102,No Strings Attached
Jacintha,Steggles,jsteggles29@jigsy.com,Female,Buick,Web Developer II,8,Dragon Ball Z: Super Android 13! (Doragon bôru Z 7: Kyokugen batoru!! San dai sûpâ saiyajin)
Andras,Hove,ahove2a@163.com,Male,Audi,Product Engineer,116,Two Crimes (Dos crímenes)
Murdock,Amthor,mamthor2b@samsung.com,Male,Dodge,Executive Secretary,30,Willard
Hiram,Cordero,hcordero2c@networkadvertising.org,Male,Buick,Analyst Programmer,99,"Under the Same Moon (Misma luna, La)"
Melamie,Cosley,mcosley2d@example.com,Female,Mazda,Graphic Designer,115,"Amateurs, The (Moguls, The)"
Bunny,Dicte,bdicte2e@netscape.com,Female,Mazda,Desktop Support Technician,81,Against The Sun
Cate,Roomes,croomes2f@sitemeter.com,Female,Mercedes-Benz,Desktop Support Technician,38,Light Sleeper
Oliviero,Boij,oboij2g@uol.com.br,Male,Mitsubishi,Programmer Analyst IV,15,I Got Next
Jessy,Sudy,jsudy2h@topsy.com,Female,Infiniti,Developer III,116,Magnum Force
Rochester,McCheyne,rmccheyne2i@sina.com.cn,Male,Buick,VP Sales,44,Fresh
Nicol,Smalls,nsmalls2j@instagram.com,Female,Ford,Speech Pathologist,1,Wolf Creek
Mirabelle,Warcup,mwarcup2k@cnet.com,Female,Acura,General Manager,42,Auntie Mame
Wilbert,Worley,wworley2l@cdc.gov,Male,Cadillac,Analog Circuit Design manager,39,Jack-O
Corabella,Tingcomb,ctingcomb2m@reverbnation.com,Female,Lexus,Community Outreach Specialist,19,Hurt
Ellynn,Gatherer,egatherer2n@google.com,Female,Subaru,Health Coach I,28,Middle Men
Barry,Windas,bwindas2o@reuters.com,Male,Eagle,Administrative Assistant IV,40,Twelve O'Clock High
Mord,Skoggings,mskoggings2p@deviantart.com,Male,Scion,Office Assistant II,51,"Woman in Red, The"
Brewster,Charlton,bcharlton2q@npr.org,Male,Acura,Speech Pathologist,19,Protocol
Bunnie,Shakesbye,bshakesbye2r@skyrock.com,Female,Volvo,Actuary,6,Teeth
Selene,Scouler,sscouler2s@1688.com,Female,Mercury,Marketing Manager,66,Mildred Pierce
Lucilia,Dobsons,ldobsons2t@list-manage.com,Female,Honda,Developer IV,80,"Lake House, The"
Irv,Cristofor,icristofor2u@nhs.uk,Male,BMW,Librarian,20,Jezebel
Trescha,Twitchings,ttwitchings2v@scribd.com,Female,Aptera,Senior Sales Associate,108,"Man Who Couldn't Say No, The (Mies joka ei osannut sanoa EI)"
Kim,Twinterman,ktwinterman2w@xing.com,Female,Lexus,Operator,98,Client 9: The Rise and Fall of Eliot Spitzer
Orville,Bernakiewicz,obernakiewicz2x@prweb.com,Male,Buick,Database Administrator II,2,"Wind, The"
Thorn,Collick,tcollick2y@e-recht24.de,Male,Mazda,Health Coach I,55,Dr. Otto and the Riddle of the Gloom Beam
Sander,Adamczyk,sadamczyk2z@twitter.com,Male,Corbin,Staff Accountant I,40,Halloween: Resurrection (Halloween 8)
Mayne,Breissan,mbreissan30@naver.com,Male,GMC,Physical Therapy Assistant,6,Hoodwinked!
Ole,Huertas,ohuertas31@miibeian.gov.cn,Male,GMC,Electrical Engineer,23,"Other Side of Sunday, The (Søndagsengler)"
Ferris,Struys,fstruys32@cisco.com,Male,Toyota,Teacher,110,Love and Other Catastrophes
Bordie,Kocher,bkocher33@engadget.com,Male,Cadillac,Assistant Professor,39,"Body, The"
Goran,Folbig,gfolbig34@twitpic.com,Male,Mazda,Analog Circuit Design manager,52,"Weather Man, The"
Sebastien,Woollin,swoollin35@opera.com,Male,Volkswagen,Physical Therapy Assistant,13,The Count of Monte Cristo
Bert,Deadman,bdeadman36@cornell.edu,Male,Mitsubishi,Senior Quality Engineer,43,Ong-Bak 3: The Final Battle (Ong Bak 3)
Jasmine,Hagley,jhagley37@cpanel.net,Female,Ram,VP Quality Control,79,"I Am Taraneh, I Am Fifteen Years Old (Man, taraneh, panzdah sal daram)"
Karita,Thomason,kthomason38@cafepress.com,Female,Maybach,Budget/Accounting Analyst II,37,Street Trash
Cristina,Croizier,ccroizier39@mapquest.com,Female,Hyundai,Information Systems Manager,30,"Watch Out, We're Mad (...Altrimenti ci arrabbiamo!)"
Jeanie,Proger,jproger3a@senate.gov,Female,Infiniti,Information Systems Manager,81,"Devil's Nightmare, The (Plus longue nuit du diable, La)"
Merrick,Fawks,mfawks3b@bizjournals.com,Male,Jaguar,Marketing Assistant,57,"Devil at 4 O'Clock, The"
Margarethe,Vibert,mvibert3c@drupal.org,Female,Dodge,Teacher,20,"Pied Piper, The (Pied Piper of Hamelin, The)"
Violet,Drury,vdrury3d@rediff.com,Female,BMW,Senior Editor,85,"Devil Dared Me To, The"
Basile,Darinton,bdarinton3e@columbia.edu,Male,Mercedes-Benz,Technical Writer,98,"Miss and the Doctors (Tirez la langue, mademoiselle)"
Erik,Kilban,ekilban3f@shutterfly.com,Male,Dodge,Assistant Professor,94,State of Play
Purcell,Quinby,pquinby3g@java.com,Male,Hyundai,Internal Auditor,39,Vacuum-Cleaner Salesmen (Pölynimurikauppiaat)
Morgen,Inworth,minworth3h@acquirethisname.com,Male,Saab,Safety Technician IV,66,Brushfires
Harriett,Tunnacliffe,htunnacliffe3i@odnoklassniki.ru,Female,McLaren,General Manager,33,Maximum Risk
Hildagard,Dawes,hdawes3j@jugem.jp,Female,Aston Martin,Compensation Analyst,112,Ju-on: The Beginning of the End (Ju-on: Owari no hajimari)
Ronnica,Iglesia,riglesia3k@fastcompany.com,Female,Chevrolet,Editor,61,Moving the Mountain
Fedora,Crass,fcrass3l@infoseek.co.jp,Female,Kia,Actuary,79,Somersault
Nata,Le land,nleland3m@elegantthemes.com,Female,Porsche,VP Sales,60,Get the Gringo
Remy,Yesinin,ryesinin3n@wired.com,Female,Volkswagen,Operator,91,Elena
Thorvald,Scarisbrick,tscarisbrick3o@si.edu,Male,Chevrolet,Quality Engineer,55,Play Girl
Belicia,Corbert,bcorbert3p@csmonitor.com,Female,Ford,Food Chemist,27,Robinson in Space
Nadean,Papachristophorou,npapachristophorou3q@slashdot.org,Female,Nissan,Environmental Specialist,13,"Toughest Man in the World, The"
Barnard,Patten,bpatten3r@tiny.cc,Male,Hyundai,Accountant IV,110,Age of Tomorrow
Franni,Airds,fairds3s@amazon.de,Female,Cadillac,Chemical Engineer,20,Aziz Ansari: Buried Alive
Austin,Habbes,ahabbes3t@wufoo.com,Female,Chevrolet,Accountant II,72,Miss Sweden (Fröken Sverige)
Edee,Degli Antoni,edegliantoni3u@devhub.com,Female,Toyota,Senior Cost Accountant,102,She Cried No (Freshman Fall)
Ced,Mayhou,cmayhou3v@jalbum.net,Male,Toyota,Electrical Engineer,6,"Golden Compass, The"
Adrien,Spreadbury,aspreadbury3w@chron.com,Male,Scion,Food Chemist,47,"Wizard of Oz, The"
Ivett,Towhey,itowhey3x@booking.com,Female,Hyundai,Engineer III,60,Three Men and a Baby
Joyann,Gianulli,jgianulli3y@rakuten.co.jp,Female,BMW,Biostatistician II,59,Cops and Robbersons
Mirabella,Prowse,mprowse3z@blog.com,Female,Lexus,Social Worker,71,Blind
Nedda,Lawn,nlawn40@addtoany.com,Female,Chevrolet,Computer Systems Analyst IV,69,Iron & Silk
Patten,Fessler,pfessler41@reference.com,Male,Infiniti,Nuclear Power Engineer,37,Friends of God: A Road Trip with Alexandra Pelosi
Benito,Fransinelli,bfransinelli42@meetup.com,Male,Dodge,Structural Analysis Engineer,44,Roxie Hart
Axel,Suttle,asuttle43@rediff.com,Male,GMC,Recruiter,50,Beautiful Joe
Dorrie,Checkley,dcheckley44@histats.com,Female,Honda,Physical Therapy Assistant,107,"Pride of the Yankees, The"
Vere,Whorton,vwhorton45@youtu.be,Female,Pontiac,Media Manager IV,79,"Ice House, The"
Jodi,Moizer,jmoizer46@soundcloud.com,Male,Hyundai,Quality Control Specialist,89,"Positively True Adventures of the Alleged Texas Cheerleader-Murdering Mom, The"
Algernon,Orring,aorring47@tiny.cc,Male,Mazda,Chief Design Engineer,39,"Smiling Lieutenant, The"
Timmy,Brolan,tbrolan48@microsoft.com,Male,Mercedes-Benz,Help Desk Technician,75,Alien Raiders
Barris,Croydon,bcroydon49@dmoz.org,Male,Mazda,Account Representative II,12,"Happy, Happy (Sykt lykkelig)"
Sonnie,Duddy,sduddy4a@webmd.com,Male,Hyundai,Accountant II,92,Family Weekend
Vidovic,Warland,vwarland4b@wix.com,Male,Buick,Help Desk Operator,66,"Terrorist, The (a.k.a. Malli) (Theeviravaathi)"
Nona,Cattini,ncattini4c@smh.com.au,Female,Lincoln,Software Engineer IV,9,"Posto, Il"
Herschel,Willerton,hwillerton4d@phoca.cz,Male,GMC,Environmental Specialist,13,Switching Goals
Clemente,Milbourn,cmilbourn4e@uiuc.edu,Male,Pontiac,Help Desk Technician,49,No and Me (No et moi)
Nickolaus,Lilliman,nlilliman4f@joomla.org,Male,Volvo,Community Outreach Specialist,92,Nutty Professor II: The Klumps
Marilee,Walcar,mwalcar4g@ebay.com,Female,Mercedes-Benz,Accounting Assistant II,69,Ewoks: The Battle for Endor
Joanne,Bennetts,jbennetts4h@yelp.com,Female,Pontiac,Structural Engineer,6,Effie Gray
Justinn,Bulloch,jbulloch4i@google.ru,Female,Audi,Geologist III,51,"Wicker Man, The"
Lorianna,Lavin,llavin4j@drupal.org,Female,Buick,Speech Pathologist,30,Quid Pro Quo
Maxie,Worsfold,mworsfold4k@nyu.edu,Female,Chevrolet,Professor,103,Paradise Lost 3: Purgatory
Robbert,Comberbach,rcomberbach4l@unesco.org,Male,Pontiac,Software Engineer II,100,O Último Mergulho
Mommy,Grafham,mgrafham4m@hao123.com,Female,Lamborghini,Nurse,64,Fawlty Towers (1975-1979)
Irving,Larkcum,ilarkcum4n@cnn.com,Male,GMC,Nurse,24,Mighty Peking Man (a.k.a. Goliathon) (Xing xing wang)
Clint,Cheel,ccheel4o@google.pl,Male,Volkswagen,Design Engineer,4,Bungee Jumping of Their Own (Beonjijeompeureul hada)
Cleo,Ricardot,cricardot4p@ucla.edu,Female,Chevrolet,Statistician II,42,Sovereign's Company
Olivie,Justice,ojustice4q@umich.edu,Female,GMC,Research Nurse,59,Manborg
Mil,Stanlake,mstanlake4r@theguardian.com,Female,Volvo,Sales Associate,25,Johnny Mad Dog
John,Tschierasche,jtschierasche4s@arstechnica.com,Male,Toyota,Electrical Engineer,38,Day for Night (La Nuit Américaine)
Westbrook,Neumann,wneumann4t@studiopress.com,Male,Buick,Executive Secretary,72,"November Man, The"
Gerry,Tether,gtether4u@photobucket.com,Female,Mazda,Food Chemist,33,"Shape of Things to Come, The"
Mariellen,Pietranek,mpietranek4v@icq.com,Female,Acura,Physical Therapy Assistant,26,"Last Airbender, The"
Michelina,Cahey,mcahey4w@eventbrite.com,Female,Infiniti,Senior Sales Associate,1,"Manchurian Candidate, The"
Mathias,O'Scanlan,moscanlan4x@patch.com,Male,Lexus,Developer IV,63,Charleston
Derby,Matuszyk,dmatuszyk4y@wired.com,Male,BMW,Assistant Media Planner,51,Roadie
Iris,Assel,iassel4z@woothemes.com,Female,Volvo,GIS Technical Architect,78,Jarhead 2: Field of Fire
Cosimo,Brucker,cbrucker50@imageshack.us,Male,Pontiac,Sales Representative,85,Return
Harlen,Shuttle,hshuttle51@si.edu,Male,MINI,Quality Control Specialist,2,Flesh for Frankenstein (a.k.a. Andy Warhol's Frankenstein)
Teddy,Alenov,talenov52@slate.com,Male,BMW,Executive Secretary,91,Zu: Warriors from the Magic Mountain (Xin shu shan jian ke)
Chloe,Asee,casee53@hostgator.com,Female,Volkswagen,Paralegal,61,Bringing Up Baby
Dalila,Westall,dwestall54@si.edu,Female,Volkswagen,Associate Professor,65,Joffrey: Mavericks of American Dance
Willamina,O' Liddy,woliddy55@weibo.com,Female,Mazda,Programmer II,64,"Juche Idea, The"
Brion,Haugg,bhaugg56@dedecms.com,Male,Aston Martin,Financial Advisor,21,The Cat's Out
Torrie,Dudden,tdudden57@bigcartel.com,Female,Suzuki,Analog Circuit Design manager,104,Man of a Thousand Faces
Rebekkah,Hendrich,rhendrich58@xrea.com,Female,Hyundai,Tax Accountant,41,Morning of the Earth
Jeniece,Chennells,jchennells59@army.mil,Female,Pontiac,Research Nurse,101,"Emerald Forest, The"
Gael,Aindrais,gaindrais5a@wp.com,Female,Infiniti,Associate Professor,15,Iron & Silk
Smith,Hudghton,shudghton5b@360.cn,Male,Hyundai,Help Desk Operator,16,Neverwhere
Aleksandr,Sheerin,asheerin5c@google.com.hk,Male,Volkswagen,Operator,88,"River, The"
Mercie,Yakolev,myakolev5d@biblegateway.com,Female,Mitsubishi,VP Accounting,114,"Abominable Snowman, The (Abominable Snowman of the Himalayas, The)"
Nobie,McFetrich,nmcfetrich5e@hubpages.com,Male,Dodge,Environmental Specialist,71,Marie-Jo and Her 2 Lovers (Marie-Jo et ses 2 amours)
Euell,McKimmey,emckimmey5f@github.io,Male,Lexus,Help Desk Operator,24,"Assault, The (L'assaut)"
Saunderson,Camosso,scamosso5g@istockphoto.com,Male,Aston Martin,Teacher,33,Mr. Skeffington
Evangeline,Harrowell,eharrowell5h@t.co,Female,Toyota,Actuary,109,Rendezvous
Chauncey,Giberd,cgiberd5i@slashdot.org,Male,Toyota,Senior Sales Associate,56,The Adventures of Tom Thumb & Thumbelina
Cameron,Thomas,cthomas5j@1688.com,Male,Suzuki,Research Nurse,55,Funny Lady
Derron,Mee,dmee5k@sina.com.cn,Male,Ford,Operator,112,"Autobiography of Nicolae Ceausescu, The (Autobiografia lui Nicolae Ceausescu)"
Lazare,Figg,lfigg5l@barnesandnoble.com,Male,Volkswagen,Senior Developer,118,To End All Wars
Lindie,Caudell,lcaudell5m@hud.gov,Female,Ford,VP Sales,79,"Rising Place, The"
Thomas,Lutwidge,tlutwidge5n@bbc.co.uk,Male,Chevrolet,Design Engineer,79,Gangs of Wasseypur
Dennet,Halleybone,dhalleybone5o@topsy.com,Male,Mercedes-Benz,Account Executive,94,Russian Dolls (Les poupées russes)
Karen,Angear,kangear5p@cdbaby.com,Female,Cadillac,Editor,99,"Windmill Movie, The"
Edan,Drage,edrage5q@livejournal.com,Male,Hyundai,Nurse,57,Hot Lead and Cold Feet
Evered,Greenside,egreenside5r@home.pl,Male,Mercedes-Benz,Senior Sales Associate,64,Carnival of Souls
Justin,Leslie,jleslie5s@ucla.edu,Male,Pontiac,Software Consultant,12,Autism: The Musical
Jorge,Dumphy,jdumphy5t@moonfruit.com,Male,Acura,Quality Engineer,53,"Invisible Ray, The"
Willie,Littrik,wlittrik5u@shinystat.com,Male,Chevrolet,Financial Advisor,87,Voyeur (Abel)
Merrile,Loomis,mloomis5v@ucoz.com,Female,Lexus,Food Chemist,111,"Honey, I Blew Up the Kid"
Kathlin,Callard,kcallard5w@netlog.com,Female,Suzuki,Actuary,71,Paris Was a Woman
Aubry,MacGaffey,amacgaffey5x@trellian.com,Female,Ram,Paralegal,6,Bathory
Albertina,Logsdail,alogsdail5y@comsenz.com,Female,Mazda,Marketing Manager,19,Fool for Love
Slade,Hatliffe,shatliffe5z@flavors.me,Male,Suzuki,Technical Writer,46,"Weather Underground, The"
Normie,McIlhatton,nmcilhatton60@cnet.com,Male,Porsche,Actuary,29,"Spanish Main, The"
Sylvia,Blakden,sblakden61@wikispaces.com,Female,Chevrolet,Senior Cost Accountant,39,Moonrise Kingdom
Lora,Bissiker,lbissiker62@whitehouse.gov,Female,Chevrolet,Accounting Assistant I,103,Supervixens
Kane,Thunder,kthunder63@virginia.edu,Male,Mercury,Community Outreach Specialist,27,633 Squadron
Cassondra,Pirrone,cpirrone64@yahoo.com,Female,Lotus,Junior Executive,34,Broken
Sly,O'Curneen,socurneen65@meetup.com,Male,Pontiac,Tax Accountant,51,Bending the Rules
Frederic,Goady,fgoady66@psu.edu,Male,Bentley,Research Associate,81,Dealin' with Idiots
Fabiano,Balaizot,fbalaizot67@smh.com.au,Male,Dodge,Computer Systems Analyst III,114,Aladdin
Staffard,Wibrow,swibrow68@1688.com,Male,Chevrolet,Office Assistant II,85,Den enskilde medborgaren
Lacy,Skough,lskough69@addthis.com,Female,Jeep,Safety Technician I,119,"Tin Drum, The (Blechtrommel, Die)"
Major,Benz,mbenz6a@domainmarket.com,Male,Mercury,Programmer I,54,"Friend Is a Treasure, A (Chi Trova Un Amico, Trova un Tesoro) (Who Finds a Friend Finds a Treasure)"
Amara,Comelli,acomelli6b@nps.gov,Female,Mercury,Account Coordinator,42,ZMD: Zombies of Mass Destruction
Lamar,Labet,llabet6c@surveymonkey.com,Male,GMC,Associate Professor,105,Peculiarities of the National Hunt (Osobennosti natsionalnoy okhoty) 
Lincoln,Strettell,lstrettell6d@epa.gov,Male,Nissan,Marketing Assistant,13,Gacy
Amye,Hamilton,ahamilton6e@xing.com,Female,Hyundai,Assistant Professor,90,Behind Enemy Lines: Colombia (Behind Enemy Lines 3: Ghost Watch)
Jeffrey,Headrick,jheadrick6f@ucoz.ru,Male,Porsche,Internal Auditor,46,Bending the Rules
Harlen,Purdom,hpurdom6g@usda.gov,Male,Dodge,Sales Associate,36,Rammbock
Leticia,Smoth,lsmoth6h@usgs.gov,Female,Land Rover,Research Assistant I,47,Love & Sex
Celestia,Dowry,cdowry6i@webs.com,Female,Pontiac,Assistant Professor,76,Fire and Ice
Phedra,Kyle,pkyle6j@last.fm,Female,Jeep,Media Manager I,119,Wu Tang Master (Tian shi zhuang xie)
Giraldo,Underwood,gunderwood6k@usnews.com,Male,MINI,Social Worker,72,Black Snake Moan
Jorrie,Josey,jjosey6l@ebay.co.uk,Female,Mitsubishi,Physical Therapy Assistant,70,Man for a Day
Broddie,Ondrich,bondrich6m@mac.com,Male,Volkswagen,Database Administrator III,113,Exit
Adeline,Randerson,aranderson6n@dropbox.com,Female,Volvo,Senior Cost Accountant,63,Superbad
Patrica,Cawley,pcawley6o@amazon.com,Female,Toyota,Safety Technician I,107,Opera Jawa
Bernardine,Scruby,bscruby6p@github.com,Female,Bentley,Health Coach I,32,Wrath of the Titans
Glori,Rexworthy,grexworthy6q@hostgator.com,Female,Volkswagen,Help Desk Operator,55,Grown Up Movie Star
Virginia,Handrahan,vhandrahan6r@blogger.com,Female,Audi,Payment Adjustment Coordinator,12,Shipwrecked (a.k.a. Haakon Haakonsen)
Peggie,Swinerd,pswinerd6s@tmall.com,Female,Buick,Nuclear Power Engineer,19,Cabiria
Wesley,Monson,wmonson6t@disqus.com,Male,Ford,Structural Engineer,22,Beefcake
Chloette,Arson,carson6u@noaa.gov,Female,Lotus,Software Test Engineer I,53,And Now... Ladies and Gentlemen...
Levin,Ferrick,lferrick6v@opensource.org,Male,Scion,Account Coordinator,52,"Blue Kite, The (Lan feng zheng)"
Alwyn,Huddle,ahuddle6w@deviantart.com,Male,Dodge,Accounting Assistant II,71,"Bishop Murder Case, The"
Sheff,Forster,sforster6x@wordpress.org,Male,Bentley,General Manager,28,Screamers
Mabel,Woodcraft,mwoodcraft6y@admin.ch,Female,Hummer,Human Resources Manager,66,"Dirty Carnival, A (Biyeolhan geori)"
Yves,Jobson,yjobson6z@gov.uk,Male,Mazda,Mechanical Systems Engineer,97,"Scarecrow, The"
Durant,Huggon,dhuggon70@creativecommons.org,Male,Oldsmobile,Business Systems Development Analyst,57,Zotz!
Stu,Kleanthous,skleanthous71@topsy.com,Male,Pontiac,Computer Systems Analyst II,48,Valley of the Dragons
Bobine,Pryer,bpryer72@linkedin.com,Female,Volvo,Analog Circuit Design manager,38,"Charter Trip, The (a.k.a. Package Tour, The) (Sällskapsresan)"
Aurelia,Danshin,adanshin73@nationalgeographic.com,Female,Isuzu,Junior Executive,86,Dear Diary (Caro Diario)
Aura,Bullivant,abullivant74@so-net.ne.jp,Female,BMW,VP Product Management,120,Bloody New Year
Waneta,Blazdell,wblazdell75@ezinearticles.com,Female,Toyota,Chief Design Engineer,12,"Crazy Stranger, The (Gadjo Dilo)"
Erskine,McCumesky,emccumesky76@domainmarket.com,Male,Kia,Senior Sales Associate,13,Lady Death
Billy,Sultana,bsultana77@globo.com,Female,Toyota,Media Manager IV,119,Frosty the Snowman
Doralynne,Moors,dmoors78@google.es,Female,Toyota,Assistant Manager,24,Roberta
Genny,Sannes,gsannes79@apple.com,Female,Mazda,Food Chemist,75,Bulletproof
Avigdor,Deering,adeering7a@smugmug.com,Male,Eagle,Safety Technician II,6,Vares: The Path of the Righteous Men (Vares - Kaidan tien kulkijat)
Englebert,Crammy,ecrammy7b@tripadvisor.com,Male,Kia,Senior Developer,10,Soapdish
Joseito,Pidgeley,jpidgeley7c@earthlink.net,Male,Peugeot,Data Coordiator,103,Midnight Dancers (Sibak)
Aluino,Dinning,adinning7d@theguardian.com,Male,Hyundai,Civil Engineer,106,Phil Ochs: There But for Fortune
Aleksandr,Gudgion,agudgion7e@miitbeian.gov.cn,Male,Chevrolet,Registered Nurse,116,"Silence of the Lambs, The"
Jilly,Lydall,jlydall7f@samsung.com,Female,Audi,Research Assistant III,20,Dinotopia: Quest for the Ruby Sunstone
Hilly,Pendlington,hpendlington7g@cisco.com,Male,Lincoln,Research Associate,110,Corn on the Cop
Adrien,Pohls,apohls7h@4shared.com,Male,Buick,Quality Engineer,28,Supergirl
Barrie,Heater,bheater7i@histats.com,Female,Morgan,Nurse Practicioner,7,Emma
Joseph,Stable,jstable7j@google.ru,Male,Land Rover,Analyst Programmer,120,Behind Blue Skies (Himlen är oskyldigt blå)
Carey,Chesterton,cchesterton7k@addtoany.com,Male,Dodge,Programmer I,61,Escape from New York
Abra,Seys,aseys7l@wikipedia.org,Female,Mazda,Business Systems Development Analyst,35,Sherman's March
Cesar,Allgood,callgood7m@discuz.net,Male,Mercury,Senior Cost Accountant,49,"Incredible Petrified World, The"
Wadsworth,Robrose,wrobrose7n@github.io,Male,Dodge,Internal Auditor,75,"Double, The"
Roseline,Dalyell,rdalyell7o@livejournal.com,Female,Chevrolet,Executive Secretary,34,Under the Tuscan Sun
Sutherlan,Prescot,sprescot7p@state.gov,Male,Pontiac,Account Executive,10,Serial Killer Culture
Ginevra,Millichip,gmillichip7q@boston.com,Female,Nissan,Senior Financial Analyst,76,Be with Me
Colas,Tuvey,ctuvey7r@mysql.com,Male,Lexus,Software Test Engineer II,66,Crash Dive
Chevy,Swinn,cswinn7s@msn.com,Male,Jensen,Quality Engineer,41,And So It Goes
Baxy,Hasell,bhasell7t@aol.com,Male,Acura,Social Worker,22,Bleak Night
Schuyler,Mechell,smechell7u@sfgate.com,Male,GMC,Financial Advisor,103,Chinese Zodiac (Armour of God III) (CZ12)
Osgood,Repp,orepp7v@gravatar.com,Male,Chrysler,Software Consultant,56,"Ice Storm, The"
Camey,Stive,cstive7w@pen.io,Male,Hyundai,Senior Quality Engineer,102,Dick Tracy vs. Cueball
Brady,Cawood,bcawood7x@fda.gov,Male,Mercedes-Benz,Structural Analysis Engineer,78,Hit Squad
Chan,Merrett,cmerrett7y@kickstarter.com,Male,Geo,Help Desk Operator,84,Todos eran culpables
Stephenie,Machan,smachan7z@census.gov,Female,Subaru,Help Desk Technician,98,"Gunfight at Dodge City, The"
Aline,Gligoraci,agligoraci80@ucoz.ru,Female,Mitsubishi,Sales Associate,63,"Nines, The"
Torrence,Fuxman,tfuxman81@google.fr,Male,Chrysler,Mechanical Systems Engineer,120,Revolution #9
Pooh,Patroni,ppatroni82@arstechnica.com,Female,Hyundai,Tax Accountant,94,Cutie Honey
Nessy,Baldree,nbaldree83@pen.io,Female,Lexus,Analyst Programmer,98,Deception
Benton,Moret,bmoret84@accuweather.com,Male,Suzuki,Assistant Media Planner,106,The Improv: 50 Years Behind the Brick Wall
Willem,Belfield,wbelfield85@msu.edu,Male,Mercury,Quality Control Specialist,79,Dobermann
Luce,Jane,ljane86@businesswire.com,Female,Dodge,Research Associate,106,Princess and the Pony
Lonny,Argabrite,largabrite87@yale.edu,Male,Volkswagen,Programmer III,100,Romance on the High Seas
Rachelle,Cousens,rcousens88@microsoft.com,Female,Honda,Programmer IV,29,Mad About Mambo
Shea,Clynman,sclynman89@mozilla.com,Female,Hyundai,Staff Scientist,4,Two Evil Eyes
Leonardo,Beddis,lbeddis8a@google.nl,Male,Audi,Operator,26,Jack the Giant Killer
Reggi,Prinett,rprinett8b@time.com,Female,Lotus,Librarian,63,Bizarre
Maurise,Gozard,mgozard8c@ucoz.com,Male,Toyota,Teacher,9,Family Guy Presents: It's a Trap
Denney,Winchester,dwinchester8d@meetup.com,Male,Isuzu,Senior Developer,74,Hollidaysburg
Jocelin,Stennett,jstennett8e@godaddy.com,Female,Dodge,General Manager,57,Love and Other Troubles
Lonnie,Fyers,lfyers8f@walmart.com,Female,Volvo,Accounting Assistant IV,48,Rage
Kyle,Fesby,kfesby8g@51.la,Female,Dodge,Sales Representative,67,"Green Pastures, The"
Phoebe,Jepensen,pjepensen8h@geocities.jp,Female,Chevrolet,Tax Accountant,46,The Trial of Lee Harvey Oswald
Fleurette,Jendrusch,fjendrusch8i@themeforest.net,Female,Mitsubishi,VP Accounting,3,"Murder, He Says"
Jade,Warner,jwarner8j@hexun.com,Female,Infiniti,Chief Design Engineer,81,Diverted
Haze,Eadie,headie8k@flavors.me,Male,Ford,Health Coach III,42,The Last of the Finest
Junie,Garretson,jgarretson8l@theguardian.com,Female,Chevrolet,Technical Writer,32,All About the Feathers (Por Las Plumas)
Aurelea,Dillinger,adillinger8m@shop-pro.jp,Female,Toyota,Sales Associate,22,22 Jump Street
Abraham,Finey,afiney8n@nasa.gov,Male,Buick,Editor,86,Dead Weekend
Leeann,Henzley,lhenzley8o@twitpic.com,Female,Nissan,Media Manager IV,67,Freakin' Beautiful World (Sairaan kaunis maailma)
Crawford,Mayston,cmayston8p@bloglines.com,Male,Honda,Civil Engineer,90,Thale
Cristina,Foot,cfoot8q@ihg.com,Female,Saturn,Assistant Media Planner,27,"Oh, Heavenly Dog!"
Merv,Powling,mpowling8r@blinklist.com,Male,Porsche,Internal Auditor,4,Stateside
Rob,Ofener,rofener8s@i2i.jp,Male,Toyota,Graphic Designer,40,Satan Met a Lady
Adrienne,Ajean,aajean8t@cbsnews.com,Female,Lexus,Project Manager,108,"Deluge, The (Potop)"
Simone,Michieli,smichieli8u@vinaora.com,Female,Kia,Speech Pathologist,9,Simple Simon (I rymden finns inga känslor)
Bernhard,Antrum,bantrum8v@google.ru,Male,Oldsmobile,Project Manager,114,"Land Without Bread (Hurdes, tierra sin pan, Las)"
Berry,Portwaine,bportwaine8w@php.net,Female,BMW,Business Systems Development Analyst,67,Chopper Chicks in Zombietown
Bessie,Flament,bflament8x@accuweather.com,Female,Ford,Teacher,56,I Bought a Vampire Motorcycle
Sandy,Bolderoe,sbolderoe8y@digg.com,Male,Toyota,Staff Scientist,38,"Unearthly, The"
Finlay,Olligan,folligan8z@cornell.edu,Male,Chevrolet,Quality Control Specialist,9,The Dependent
Eal,Preston,epreston90@ask.com,Male,Lexus,Staff Scientist,39,It Happened on Fifth Avenue
Norine,Hallward,nhallward91@squarespace.com,Female,Buick,Junior Executive,11,"Puppetmaster, The (Xi meng ren sheng)"
Niles,Gareisr,ngareisr92@arizona.edu,Male,Toyota,Programmer I,96,Atlantic City
Letisha,Runnacles,lrunnacles93@shareasale.com,Female,Toyota,Design Engineer,92,Dear Diary (Caro Diario)
Belia,Joret,bjoret94@ca.gov,Female,GMC,Sales Associate,49,Forgotten Silver
Dinny,Coddrington,dcoddrington95@washingtonpost.com,Female,GMC,Paralegal,74,Legend of the Black Scorpion (a.k.a. The Banquet) (Ye yan)
Colman,Keller,ckeller96@apache.org,Male,Land Rover,Senior Sales Associate,1,"Hunchback of Notre Dame, The"
Tomkin,Sneden,tsneden97@cornell.edu,Male,Mercedes-Benz,Associate Professor,52,Dangerous Beauty
Candace,Eddow,ceddow98@usnews.com,Female,Mercedes-Benz,Legal Assistant,74,Master and Commander: The Far Side of the World
Larisa,Merritt,lmerritt99@ca.gov,Female,Ford,Desktop Support Technician,1,Herb & Dorothy
Wade,Petrina,wpetrina9a@latimes.com,Male,Lotus,Editor,53,F/X
Arnold,Weekley,aweekley9b@technorati.com,Male,Oldsmobile,Senior Developer,85,Bird People
Noreen,Sever,nsever9c@squidoo.com,Female,Volvo,Accountant III,96,V
Maddie,Klimuk,mklimuk9d@patch.com,Male,Chevrolet,Environmental Specialist,108,Shadowboxer
Gabriell,Spragg,gspragg9e@eventbrite.com,Female,Chevrolet,Senior Sales Associate,56,"Flying Fleet, The"
Cesar,Catherick,ccatherick9f@blogs.com,Male,Mercedes-Benz,Business Systems Development Analyst,23,"Adventures of Milo and Otis, The (Koneko monogatari)"
Selene,Drennan,sdrennan9g@uiuc.edu,Female,Buick,General Manager,52,Make It Happen
Urson,Heamus,uheamus9h@typepad.com,Male,Ford,Senior Developer,113,Fathers' Day
Robby,Yakuntzov,ryakuntzov9i@intel.com,Female,Honda,Structural Analysis Engineer,107,Getting Any? (Minnâ-yatteruka!)
Anya,Kippie,akippie9j@si.edu,Female,Pontiac,Quality Control Specialist,11,"Obama Deception: The Mask Comes Off, The"
Pearle,Viollet,pviollet9k@skype.com,Female,Infiniti,Quality Control Specialist,117,Big Bang in Tunguska (Das Rätsel von Tunguska)
Anni,Sehorsch,asehorsch9l@qq.com,Female,Ram,Analog Circuit Design manager,94,Nice Guy Johnny
Faina,Wemm,fwemm9m@vk.com,Female,Ferrari,Account Representative III,108,Piranha
Regan,Duddle,rduddle9n@pbs.org,Male,Holden,Financial Advisor,33,Plaza Suite
Althea,McLemon,amclemon9o@earthlink.net,Female,Pontiac,Accounting Assistant III,82,Vidal Sassoon: The Movie
Tulley,Vinas,tvinas9p@biblegateway.com,Male,Ford,Sales Associate,53,My Mother Likes Women (A mi madre le gustan las mujeres)
Gran,Esland,gesland9q@wunderground.com,Male,Subaru,Senior Quality Engineer,118,Envy (Kiskanmak)
Aldin,Krebs,akrebs9r@furl.net,Male,Toyota,VP Product Management,52,Suburban Gothic
Arleyne,Rollins,arollins9s@wordpress.com,Female,GMC,Accountant IV,48,"Great Bank Hoax, The"
Barbee,Clorley,bclorley9t@disqus.com,Female,Nissan,Director of Sales,36,"Giant Gila Monster, The"
Cyrille,Vaines,cvaines9u@howstuffworks.com,Male,Ford,VP Accounting,84,Punch-Drunk Love
Ulrich,Starton,ustarton9v@prweb.com,Male,Lincoln,Office Assistant IV,113,"Gorgon, The"
Sherm,Olyfat,solyfat9w@apple.com,Male,Pontiac,Help Desk Operator,66,The Stanford Prison Experiment
Ronnie,Somerfield,rsomerfield9x@scientificamerican.com,Female,Nissan,Senior Financial Analyst,32,Sundome
Gertie,Delue,gdelue9y@chicagotribune.com,Female,GMC,Budget/Accounting Analyst I,115,Another You
Lesli,Dorrance,ldorrance9z@phpbb.com,Female,Ford,Information Systems Manager,14,I Want to Be a Soldier
Reinhold,Greiswood,rgreiswooda0@geocities.jp,Male,Dodge,Systems Administrator I,120,Dangerous Liaisons
Collette,Piffe,cpiffea1@webs.com,Female,Ford,Information Systems Manager,113,Women of the Night (Yoru no onnatachi)
Laurie,Frankling,lfranklinga2@ca.gov,Male,Nissan,Associate Professor,93,Letters from Iwo Jima
Vincenz,McNern,vmcnerna3@4shared.com,Male,Volvo,Office Assistant IV,20,Just a Little Harmless Sex
Maura,Entwisle,mentwislea4@cdbaby.com,Female,Chevrolet,Financial Advisor,45,Africa: The Serengeti
Jeromy,Duberry,jduberrya5@globo.com,Male,Subaru,Financial Analyst,28,Source Code
Brandyn,Lapsley,blapsleya6@addtoany.com,Male,Chrysler,Senior Sales Associate,81,Mickey's The Prince and the Pauper
Roderic,Thacker,rthackera7@hp.com,Male,Studebaker,Project Manager,64,"One-Armed Swordsman, The (Dubei dao)"
Cass,Gantzman,cgantzmana8@angelfire.com,Male,Studebaker,Pharmacist,5,Gunfighters
Gage,Martinon,gmartinona9@vistaprint.com,Male,Toyota,Technical Writer,81,Easter Parade
Gustaf,Perdue,gperdueaa@ted.com,Male,Dodge,Health Coach II,22,"Conspirator, The"
Son,Musico,smusicoab@un.org,Male,Ford,Graphic Designer,116,Copying Beethoven
Anallese,Itzhayek,aitzhayekac@networkadvertising.org,Female,Infiniti,Software Consultant,103,Good Will Hunting
Rourke,Kinton,rkintonad@ebay.com,Male,Hyundai,Developer II,30,Adventures of Kitty O'Day (Kitty O'Day Comes Through)
Spike,Kelland,skellandae@ebay.co.uk,Male,Volkswagen,Computer Systems Analyst III,73,"Rita, Sue and Bob Too!"
Salome,Slaight,sslaightaf@weibo.com,Female,Honda,Statistician III,31,Ace of Hearts
Cecilio,Pattison,cpattisonag@fc2.com,Male,Ford,Nuclear Power Engineer,108,Roll Bounce
Ado,Fenney,afenneyah@indiatimes.com,Male,Pontiac,Food Chemist,87,Tremors 3: Back to Perfection
Jens,Gilbee,jgilbeeai@liveinternet.ru,Male,Buick,Assistant Manager,101,Bloody Angels (1732 Høtten: Marerittet har et postnummer)
Sibeal,Emilien,semilienaj@cnbc.com,Female,Ford,Web Designer I,69,"Wicker Man, The"
Hercule,Crus,hcrusak@macromedia.com,Male,BMW,Cost Accountant,25,10.5
Ralf,Paling,rpalingal@bloglovin.com,Male,Lincoln,Paralegal,75,Unzipped
Robby,Spurnier,rspurnieram@mysql.com,Male,Buick,Quality Engineer,63,"Wounds, The (Rane)"
Patrizius,Grestie,pgrestiean@shinystat.com,Male,GMC,Nurse,6,Being Elmo: A Puppeteer's Journey
Barb,Rangle,brangleao@aboutads.info,Female,Ford,Software Engineer IV,96,Slam
Agustin,Whitington,awhitingtonap@indiegogo.com,Male,Suzuki,Data Coordiator,22,JFK: The Smoking Gun
Cassondra,Northey,cnortheyaq@engadget.com,Female,GMC,Sales Associate,75,Police Story 2 (Ging chaat goo si juk jaap)
Mikol,Rangle,mranglear@cisco.com,Male,Lexus,Senior Cost Accountant,15,"Horse Rebellion, The (Pulakapina)"
Lindy,Watkins,lwatkinsas@dagondesign.com,Male,GMC,Payment Adjustment Coordinator,50,Lottery Ticket
Carine,Wardle,cwardleat@google.ru,Female,Chevrolet,Human Resources Manager,20,"Turn Me On, Dammit! (Få meg på, for faen)"
Averyl,Urquhart,aurquhartau@blogger.com,Female,Ford,Product Engineer,50,Kalevala - Uusi aika
Saxon,Urlin,surlinav@webmd.com,Male,Chevrolet,Compensation Analyst,25,Latitude Zero (Ido zero daisakusen)
Josselyn,McDaid,jmcdaidaw@spiegel.de,Female,Infiniti,Structural Engineer,31,Stevie
Irina,Eilert,ieilertax@addthis.com,Female,MINI,Physical Therapy Assistant,68,"Man from Earth, The"
Dulce,Waterhowse,dwaterhowseay@auda.org.au,Female,Cadillac,Financial Analyst,58,Confessions (Kokuhaku)
Consalve,Lacknor,clacknoraz@sfgate.com,Male,Toyota,Quality Engineer,74,Withnail & I
Stephannie,Schrieves,sschrievesb0@homestead.com,Female,Citroën,Legal Assistant,29,But I'm a Cheerleader
Sheelagh,Orcas,sorcasb1@i2i.jp,Female,Toyota,Associate Professor,63,Medora
Mahmud,Fenny,mfennyb2@ftc.gov,Male,Suzuki,Food Chemist,25,Babbitt
Ginger,Barhems,gbarhemsb3@disqus.com,Female,Chevrolet,Junior Executive,63,"10,000 BC"
Yank,Haugg,yhauggb4@hp.com,Male,Chevrolet,Librarian,23,Nick and Norah's Infinite Playlist
Inez,Goch,igochb5@gnu.org,Female,Mitsubishi,Chief Design Engineer,43,"Man Who Knew Too Much, The"
Ellwood,Brech,ebrechb6@icq.com,Male,GMC,Physical Therapy Assistant,65,Chicken Run
Kinna,Jacqueminot,kjacqueminotb7@examiner.com,Female,Hyundai,Help Desk Technician,46,Me and the Colonel 
Emeline,Doggrell,edoggrellb8@seesaa.net,Female,Pontiac,Legal Assistant,62,Master and Commander: The Far Side of the World
Sharla,Wigsell,swigsellb9@dion.ne.jp,Female,Plymouth,Executive Secretary,79,Blacksmith Scene
Anastasie,Caws,acawsba@fotki.com,Female,GMC,Operator,6,Darkness Falls
Adriane,Farries,afarriesbb@bloglovin.com,Female,Ford,Web Designer II,103,"Assault, The (L'assaut)"
Melvyn,Boylund,mboylundbc@sfgate.com,Male,Saab,Graphic Designer,25,Stowaway
Conney,Clist,cclistbd@springer.com,Male,Pontiac,Programmer III,20,Playing God
Emma,Stops,estopsbe@sciencedaily.com,Female,BMW,Programmer Analyst II,65,Blue Juice
Laverna,Flukes,lflukesbf@scientificamerican.com,Female,Ford,Programmer IV,108,Mannequin
Katee,Tregale,ktregalebg@facebook.com,Female,Subaru,Environmental Tech,16,I Married a Witch
Crista,Patershall,cpatershallbh@redcross.org,Female,Ford,Software Engineer II,100,"Great K & A Train Robbery, The"
Eolanda,Claris,eclarisbi@ft.com,Female,Chevrolet,Payment Adjustment Coordinator,26,Aakrosh
Dov,Bernath,dbernathbj@list-manage.com,Male,Geo,Graphic Designer,82,Secret Agent
Tova,Ramsell,tramsellbk@creativecommons.org,Female,GMC,GIS Technical Architect,51,My Own Man
Kriste,Zaczek,kzaczekbl@skyrock.com,Female,Pontiac,Information Systems Manager,61,Cocaine Cowboys II: Hustlin' With the Godmother
Daryl,Halbard,dhalbardbm@boston.com,Male,Maserati,Geologist III,107,Strike Up the Band
Garrett,Frammingham,gframminghambn@w3.org,Male,Pontiac,Account Representative IV,18,"Constant Nymph, The"
Rakel,Digg,rdiggbo@g.co,Female,Ferrari,VP Accounting,55,Grudge Match
Maynard,Westphalen,mwestphalenbp@geocities.jp,Male,Land Rover,Senior Developer,109,Little Red Flowers (Kan shang qu hen mei)
Raddy,Mason,rmasonbq@is.gd,Male,GMC,Chief Design Engineer,68,"Hunt, The (Jagten)"
Sibylla,Caulier,scaulierbr@reverbnation.com,Female,Lincoln,Director of Sales,45,Summer of Fear
Chaddy,Elsom,celsombs@desdev.cn,Male,Chevrolet,Statistician III,82,As I Was Moving Ahead Occasionally I Saw Brief Glimpses of Beauty
Blondie,Dear,bdearbt@facebook.com,Female,Subaru,VP Accounting,108,Closure
Cristiano,Twinterman,ctwintermanbu@hubpages.com,Male,Mitsubishi,Chief Design Engineer,32,Walk All Over Me
Paulette,Truman,ptrumanbv@senate.gov,Female,Peugeot,Pharmacist,63,Godzilla Raids Again (Gojira no gyakushû)
Bevvy,MacDonald,bmacdonaldbw@nsw.gov.au,Female,Audi,Compensation Analyst,69,If You Love (Jos rakastat)
Branden,D'Ambrosi,bdambrosibx@gov.uk,Male,Chevrolet,Software Engineer IV,28,Small Town Murder Songs
Gayleen,Deas,gdeasby@istockphoto.com,Female,Chevrolet,Food Chemist,119,Mary Stevens M.D.
Joshua,Duffer,jdufferbz@wufoo.com,Male,Mazda,Editor,54,"Enemy Below, The"
Ginger,Dorin,gdorinc0@engadget.com,Female,Maserati,Structural Analysis Engineer,89,Double Take
Lilly,Winfred,lwinfredc1@tumblr.com,Female,Nissan,Assistant Manager,113,"Haunting in Connecticut, The"
Wilmar,Mussetti,wmussettic2@blog.com,Male,Dodge,Data Coordiator,16,Kiler
Adlai,Ledrun,aledrunc3@wufoo.com,Male,GMC,Editor,105,Kongo
Andros,Corbie,acorbiec4@oakley.com,Male,Honda,Chief Design Engineer,4,I Saw Mommy Kissing Santa Claus
Edythe,Newbegin,enewbeginc5@comcast.net,Female,Lotus,General Manager,71,Traffic Affairs (Mitfahrer)
Alta,De Laci,adelacic6@myspace.com,Female,Chevrolet,Clinical Specialist,116,Singapore Sling (Singapore sling: O anthropos pou agapise ena ptoma)
Sally,Pleace,spleacec7@senate.gov,Female,Chevrolet,Nurse,26,Anchors Aweigh
Jermain,Walden,jwaldenc8@a8.net,Male,Chevrolet,Project Manager,2,Charleston
Wilbur,Remnant,wremnantc9@123-reg.co.uk,Male,Mitsubishi,Computer Systems Analyst IV,113,Palestine Is Still the Issue
Maryrose,Onslow,monslowca@bizjournals.com,Female,Honda,Analyst Programmer,70,Loner (Woetoli)
Evin,Kenworth,ekenworthcb@example.com,Male,Bentley,Project Manager,52,"Legacy, The"
Hew,Feldmus,hfeldmuscc@360.cn,Male,Dodge,Staff Accountant IV,110,Idiot Box
Drusie,Rubartelli,drubartellicd@usatoday.com,Female,Hyundai,Senior Developer,26,Love in the Afternoon (Chloe in the Afternoon)  (L'amour l'après-midi)
Hall,Parkhouse,hparkhousece@a8.net,Male,Suzuki,Technical Writer,58,Last Call (Hoogste tijd)
Legra,Truett,ltruettcf@plala.or.jp,Female,Kia,Senior Quality Engineer,60,After the Rain (Ame agaru) 
Matty,Felstead,mfelsteadcg@pcworld.com,Female,Maserati,Health Coach IV,113,Karate-Robo Zaborgar (Denjin Zabôgâ)
Tomasine,Kippen,tkippench@bizjournals.com,Female,Mercury,Marketing Assistant,18,"Visit, The"
Ebeneser,Sancias,esanciasci@bing.com,Male,Nissan,Information Systems Manager,58,To Sir with Love
Ty,Currin,tcurrincj@amazon.com,Male,Toyota,Senior Cost Accountant,21,Richie Rich
Garv,Overy,goveryck@buzzfeed.com,Male,Ford,Geologist I,65,"Flintstones, The"
Beck,Fryd,bfrydcl@furl.net,Male,GMC,Desktop Support Technician,84,"Time for Killing, A"
Leia,Tregidgo,ltregidgocm@unc.edu,Female,Dodge,Quality Control Specialist,95,Art and Craft
Buffy,Maltby,bmaltbycn@usa.gov,Female,Jeep,Data Coordiator,61,Better This World
Maximilian,Body,mbodyco@cnbc.com,Male,Suzuki,Civil Engineer,48,Golden Door (Nuovomondo)
Nora,Ferrari,nferraricp@scientificamerican.com,Female,GMC,Account Coordinator,114,Conspiracy Theory
Fanni,Osmund,fosmundcq@opera.com,Female,Saturn,Tax Accountant,64,Where Is the Friend's Home? (Where Is My Friend's House?) (Khane-ye doust kodjast?)
Jocelin,Branca,jbrancacr@wired.com,Female,Ford,Account Executive,104,Totally F***ed Up
Devlin,Ollive,dollivecs@amazon.co.uk,Male,Oldsmobile,Recruiting Manager,103,BlinkyTM
Isidro,Sixsmith,isixsmithct@cocolog-nifty.com,Male,Volkswagen,Analog Circuit Design manager,1,"Night at the Opera, A"
Kennie,Beaby,kbeabycu@flickr.com,Male,Honda,Administrative Assistant III,9,Office Space
Carolee,Standish,cstandishcv@moonfruit.com,Female,Isuzu,Clinical Specialist,36,"Inkwell, The"
Orsa,Gutman,ogutmancw@wikispaces.com,Female,Dodge,Geologist III,96,After Earth
Leroy,Heal,lhealcx@utexas.edu,Male,Buick,Senior Cost Accountant,70,Monty Python's And Now for Something Completely Different
Jarrod,Bodycote,jbodycotecy@nymag.com,Male,Lexus,Data Coordiator,98,"Invisible Man, The"
Jeremie,Dunaway,jdunawaycz@hatena.ne.jp,Male,Oldsmobile,Actuary,28,Night Nurse
Meryl,Broadbury,mbroadburyd0@businessweek.com,Male,Hyundai,Editor,111,Valley Of Flowers
Arielle,Yerby,ayerbyd1@cisco.com,Female,Lotus,Assistant Professor,42,Making Mr. Right
Mordy,Curragh,mcurraghd2@dyndns.org,Male,Buick,Accountant I,56,Ratcatcher
Abey,Persence,apersenced3@sakura.ne.jp,Male,Nissan,Computer Systems Analyst IV,71,Fausto
Elnora,Iglesia,eiglesiad4@1688.com,Female,Lamborghini,Accountant IV,14,Griff the Invisible
Glendon,Reddihough,greddihoughd5@weather.com,Male,Mercedes-Benz,Software Engineer IV,114,Between Strangers
Ban,Burtt,bburttd6@csmonitor.com,Male,Mazda,Technical Writer,45,Cockfighter
Dotti,Serotsky,dserotskyd7@macromedia.com,Female,Toyota,Librarian,94,Zombie Strippers!
Virgie,Lindgren,vlindgrend8@angelfire.com,Male,Mercedes-Benz,Librarian,17,Key of Life (Kagi-dorobô no mesoddo)
Estele,Reyburn,ereyburnd9@liveinternet.ru,Female,Saab,Statistician IV,21,Once Upon a Time in China (Wong Fei Hung)
Selie,Anthes,santhesda@dailymail.co.uk,Female,Cadillac,Nurse Practicioner,37,Love Me Tender
Nickie,Douris,ndourisdb@oracle.com,Male,Pontiac,Community Outreach Specialist,20,Titanic Town
Welbie,Cathesyed,wcathesyeddc@mapquest.com,Male,Chrysler,Staff Scientist,6,"Road to Brown, The"
Petey,Menco,pmencodd@dropbox.com,Male,Suzuki,Help Desk Technician,42,Standby
Kimball,Labram,klabramde@blogger.com,Male,Buick,Staff Scientist,91,Backtrack (Catchfire)
Nonna,Solomon,nsolomondf@cornell.edu,Female,Chrysler,Occupational Therapist,94,Death Wish 2
Corilla,Deelay,cdeelaydg@comsenz.com,Female,Toyota,Financial Advisor,34,"Pointe-Courte, La"
Shane,Potes,spotesdh@pbs.org,Male,Volkswagen,Help Desk Technician,113,Little Darlings
Erv,Jewitt,ejewittdi@mashable.com,Male,BMW,Web Designer IV,97,Rosvo Roope
Eileen,Olivi,eolividj@wikipedia.org,Female,Toyota,Environmental Tech,85,Lone Star
Lind,Charlesworth,lcharlesworthdk@moonfruit.com,Female,Chevrolet,Health Coach II,45,"Haunting, The"
Waiter,Chaloner,wchalonerdl@wordpress.org,Male,Volkswagen,Project Manager,40,"Replacement Killers, The"
Hamnet,Ireland,hirelanddm@wiley.com,Male,Dodge,VP Product Management,83,"Young Törless, The (Junge Törless, Der)"
Sig,Gunda,sgundadn@baidu.com,Male,Alfa Romeo,Product Engineer,68,Farmer & Chase
Theodore,Conre,tconredo@cpanel.net,Male,Honda,Human Resources Assistant III,3,Game Change
Imelda,Ackerman,iackermandp@jigsy.com,Female,Jaguar,Research Nurse,68,"Boy in Blue, The"
Xenos,Barnwille,xbarnwilledq@adobe.com,Male,Maserati,Cost Accountant,30,Turkish Delight (Turks fruit)
Ginger,Greensmith,ggreensmithdr@cam.ac.uk,Male,Chevrolet,Human Resources Manager,99,Position Among The Stars (Stand van de Sterren)
Jeremias,McGreal,jmcgrealds@google.com,Male,Nissan,GIS Technical Architect,61,Maybe Baby
Grove,Fairebrother,gfairebrotherdt@51.la,Male,Lotus,Information Systems Manager,65,Every Stewardess Goes to Heaven (Todas las azafatas van al cielo)
Oralle,Pietrusiak,opietrusiakdu@foxnews.com,Female,Mercedes-Benz,Health Coach II,112,The Tomb
Olivia,Webby,owebbydv@newsvine.com,Female,Dodge,Structural Analysis Engineer,84,Roger Dodger
Nixie,Killough,nkilloughdw@un.org,Female,Chevrolet,Accountant III,74,Exit to Eden
Waylen,Boater,wboaterdx@privacy.gov.au,Male,Toyota,Mechanical Systems Engineer,79,August Mordum's Underground
Benoit,Flaunier,bflaunierdy@blogger.com,Male,Jaguar,VP Accounting,105,Gentlemen Broncos
Dore,Cleever,dcleeverdz@mashable.com,Female,Chevrolet,Human Resources Assistant I,116,Rogue
Wittie,Clemett,wclemette0@squarespace.com,Male,Dodge,Web Developer I,86,Young Guns
Major,Burridge,mburridgee1@sina.com.cn,Male,GMC,Chief Design Engineer,108,The Chase
Killian,Butterfint,kbutterfinte2@plala.or.jp,Male,Chevrolet,Paralegal,113,Evil Toons
Evangelina,MacNish,emacnishe3@reverbnation.com,Female,Mitsubishi,Electrical Engineer,77,"Taking of Pelham 1 2 3, The"
Haleigh,Siggin,hsiggine4@disqus.com,Male,Mercedes-Benz,Project Manager,89,Something of Value
Crista,Deboy,cdeboye5@comsenz.com,Female,BMW,Senior Financial Analyst,111,Reprise
Edgardo,Ogelbe,eogelbee6@shop-pro.jp,Male,Suzuki,Assistant Manager,98,"To Have, or Not (En avoir (ou pas))"
Brigham,Flanne,bflannee7@twitter.com,Male,Buick,Research Associate,42,Armour of God (Long xiong hu di)
Betty,Lidgley,blidgleye8@nps.gov,Female,Chevrolet,Assistant Media Planner,51,For a Lost Soldier (Voor een Verloren Soldaat)
Eldin,Argabrite,eargabritee9@flavors.me,Male,Mitsubishi,Sales Associate,70,Fear
Von,Archer,varcherea@mayoclinic.com,Male,Mitsubishi,Librarian,74,"Final Cut, The"
Godfrey,Hinze,ghinzeeb@java.com,Male,GMC,Assistant Manager,93,Tom and Jerry: A Nutcracker Tale
Ashlen,De Vile,adevileec@wikimedia.org,Female,Chevrolet,Registered Nurse,32,Lightspeed
Marielle,Pankettman,mpankettmaned@storify.com,Female,Audi,Analyst Programmer,31,Nothing in Common
Vivien,Scandrett,vscandrettee@taobao.com,Female,Toyota,Environmental Specialist,54,Shame (Skammen)
Merrie,Jerzycowski,mjerzycowskief@vk.com,Female,Suzuki,Marketing Manager,29,Lady Jane
Rafe,Brilleman,rbrillemaneg@meetup.com,Male,Chrysler,Biostatistician I,8,Beowulf
Emmalyn,Crate,ecrateeh@spotify.com,Female,Lincoln,Librarian,76,Heaven Is for Real
Wilbert,O'Hollegan,woholleganei@geocities.jp,Male,Toyota,Financial Advisor,70,"Simpsons: The Longest Daycare, The"
Pru,Richt,prichtej@sitemeter.com,Female,Toyota,Quality Engineer,13,Time in the Minors
Cobb,Roussel,crousselek@dmoz.org,Male,Mitsubishi,Actuary,25,Roberta
Ulrica,Alti,ualtiel@zimbio.com,Female,Cadillac,Product Engineer,6,Evita
Birch,Licquorish,blicquorishem@deviantart.com,Male,Cadillac,Director of Sales,74,"After Fall, Winter"
Tyler,Benstead,tbensteaden@1und1.de,Male,Mazda,Web Designer I,78,Night of the Demons
Ximenez,Losbie,xlosbieeo@sun.com,Male,Ford,Community Outreach Specialist,84,On His Own (a.k.a. My Apprenticeship) (V lyudyakh)
Isidoro,Slimm,islimmep@yale.edu,Male,Mercury,Senior Cost Accountant,103,Dudley Do-Right
Nicoline,Ardling,nardlingeq@dailymotion.com,Female,Dodge,Analyst Programmer,17,Tomorrow We Move (Demain on déménage)
Mella,Barbrick,mbarbricker@storify.com,Female,Dodge,Sales Representative,76,Rapt
Earvin,Apedaile,eapedailees@tumblr.com,Male,Porsche,Engineer II,115,"Working Class Goes to Heaven, The (a.k.a. Lulu the Tool) (La classe operaia va in paradiso)"
Grannie,Orlton,gorltonet@imgur.com,Male,Volkswagen,Actuary,40,I Saw the Sun (Günesi gördüm)
Veronique,Bufton,vbuftoneu@is.gd,Female,Honda,Teacher,41,Paid
Maura,Son,msonev@craigslist.org,Female,Subaru,Compensation Analyst,93,Dhoom
Rudie,Rigardeau,rrigardeauew@ow.ly,Male,Subaru,Nurse,1,Front Page Woman
Caprice,Guillem,cguillemex@hubpages.com,Female,Pontiac,Budget/Accounting Analyst III,49,"Bridge, The (Most)"
Loleta,Kinnach,lkinnachey@zdnet.com,Female,Oldsmobile,Project Manager,14,Metro
Edan,Busch,ebuschez@wiley.com,Male,Saab,Senior Sales Associate,1,"Case Against 8, The"
Reube,Walewski,rwalewskif0@hatena.ne.jp,Male,Ford,Assistant Media Planner,6,"Monster, The"
Thom,Fishley,tfishleyf1@dell.com,Male,BMW,Senior Quality Engineer,71,Batman: Mystery of the Batwoman
Walker,Cane,wcanef2@drupal.org,Male,Dodge,Data Coordiator,54,"Fish Child, The (El niño pez)"
Katharine,Royste,kroystef3@weebly.com,Female,Chevrolet,Dental Hygienist,90,"Fifth Estate, The"
Shurlocke,Lissett,slissettf4@paginegialle.it,Male,Dodge,Quality Engineer,22,Andrei Rublev (Andrey Rublyov)
Zea,Able,zablef5@deviantart.com,Female,Mercury,Automation Specialist IV,76,"Swimmer, The"
Leontine,Bucksey,lbuckseyf6@chicagotribune.com,Female,Mercury,Design Engineer,67,The Wild Bunch: An Album in Montage
Robin,Fidler,rfidlerf7@wufoo.com,Female,Land Rover,Electrical Engineer,41,Liv & Ingmar
Cob,Dominiak,cdominiakf8@europa.eu,Male,Pontiac,Staff Accountant I,13,Tom Segura: Completely Normal
Bevan,Redgate,bredgatef9@booking.com,Male,Oldsmobile,Computer Systems Analyst I,12,Roseland
Jerrilee,Rubinowitz,jrubinowitzfa@dion.ne.jp,Female,Daihatsu,Cost Accountant,45,Ai Weiwei: Never Sorry
Ardene,Southwood,asouthwoodfb@oakley.com,Female,Mazda,Staff Accountant IV,17,Headshot
Nikita,Roggero,nroggerofc@oakley.com,Male,Mercury,Legal Assistant,115,Free Willy 2: The Adventure Home
Patience,Lokier,plokierfd@youtube.com,Female,Audi,Paralegal,94,"Last Seduction II, The"
Jeremias,Harme,jharmefe@ocn.ne.jp,Male,Jeep,Computer Systems Analyst II,115,"See You Tomorrow, Everyone"
Manolo,Goodwyn,mgoodwynff@w3.org,Male,Volkswagen,Librarian,50,Where Angels Fear to Tread
Pancho,Penke,ppenkefg@si.edu,Male,Ford,Librarian,9,"Groove Tube, The"
Claiborne,Spiteri,cspiterifh@adobe.com,Male,Hyundai,Information Systems Manager,46,"Four-Faced Liar, The"
Peter,Massot,pmassotfi@amazonaws.com,Male,Infiniti,Recruiting Manager,59,Luster
Giovanni,Dirr,gdirrfj@cloudflare.com,Male,Ford,Pharmacist,15,"Beach, The"
Darcee,Duinbleton,dduinbletonfk@cafepress.com,Female,Audi,Design Engineer,48,"Corsican File, The (L'enquête corse)"
Lionello,Ridout,lridoutfl@discovery.com,Male,Infiniti,VP Accounting,101,Male and Female
Nelly,Stubbeley,nstubbeleyfm@hostgator.com,Female,Aston Martin,Dental Hygienist,97,Whisky
Sergei,Whitehair,swhitehairfn@statcounter.com,Male,Kia,Human Resources Assistant III,60,Corpo Celeste
Godwin,Kirsopp,gkirsoppfo@infoseek.co.jp,Male,Lincoln,Developer IV,54,"Game of Death, The (Le Jeu de la Mort)"
Mariel,Truelove,mtruelovefp@google.pl,Female,Lexus,Help Desk Operator,2,Decision at Sundown
Wakefield,Knobell,wknobellfq@walmart.com,Male,Mercedes-Benz,Operator,44,House of Wax
Lyn,Beden,lbedenfr@geocities.com,Male,Ford,Environmental Specialist,115,Anacondas: The Hunt for the Blood Orchid
Bartholomew,Tabbitt,btabbittfs@tinypic.com,Male,Oldsmobile,Account Coordinator,60,Phat Beach
Cheston,Exell,cexellft@wix.com,Male,Lincoln,Financial Analyst,30,"Grand, The"
Gladys,McCartan,gmccartanfu@earthlink.net,Female,GMC,Legal Assistant,49,Hell and Back Again
Pip,Hainsworth,phainsworthfv@constantcontact.com,Male,Plymouth,Assistant Manager,117,"Salton Sea, The"
Christoper,Trever,ctreverfw@sogou.com,Male,Infiniti,Environmental Specialist,89,"Conspiracy of Torture, The (Beatrice Cenci)"
Ritchie,Trebilcock,rtrebilcockfx@usgs.gov,Male,Oldsmobile,Media Manager I,1,"Get2Gether, A"
Lynn,Henken,lhenkenfy@biblegateway.com,Female,Volkswagen,Director of Sales,92,Big Bad Love
Gannon,Cassel,gcasselfz@hhs.gov,Male,Honda,Senior Developer,115,See Spot Run
Reggy,Tremblot,rtremblotg0@mozilla.com,Male,Aston Martin,Actuary,45,Can't Help Singing
Tull,Liepina,tliepinag1@webnode.com,Male,Mercedes-Benz,Teacher,75,"Most Dangerous Game, The"
Hew,Hovard,hhovardg2@netscape.com,Male,Honda,Assistant Media Planner,102,El asombroso mundo de Borjamari y Pocholo
Fred,Garrettson,fgarrettsong3@engadget.com,Female,Subaru,Sales Associate,66,"Little Stiff, A"
Christophorus,Rowbottom,crowbottomg4@feedburner.com,Male,Ford,Associate Professor,27,New World (Shin-sae-gye)
Yetta,Woolaston,ywoolastong5@booking.com,Female,Lamborghini,Engineer I,102,"Concert, Le"
Emlyn,Alenikov,ealenikovg6@nytimes.com,Female,Dodge,Research Associate,14,"Pervert's Guide to Ideology, The"
Layla,Gruby,lgrubyg7@dion.ne.jp,Female,Audi,VP Marketing,111,Twin Town
Chloette,Patrie,cpatrieg8@delicious.com,Female,Ford,Physical Therapy Assistant,89,Smashing Time
Sharlene,Killick,skillickg9@360.cn,Female,Lamborghini,Teacher,100,Only God Knows (Sólo Dios Sabe)
Prudence,Lush,plushga@live.com,Female,Mercury,Analyst Programmer,19,I Was an Adventuress
Juan,Colaton,jcolatongb@theguardian.com,Male,Acura,Social Worker,77,Two Women
Cliff,Fuggles,cfugglesgc@tripod.com,Male,Ford,Financial Analyst,73,My Best Friend's Wife
Pieter,Mumby,pmumbygd@amazon.de,Male,Bentley,VP Product Management,92,"Godson, The"
Aron,Goley,agoleyge@clickbank.net,Male,Mazda,Nuclear Power Engineer,23,"Sicilian Clan, The (Clan des Siciliens, Le)"
Gunther,Lange,glangegf@qq.com,Male,Dodge,Design Engineer,22,Judgement Day
Marthe,Dmitrichenko,mdmitrichenkogg@sogou.com,Female,Mazda,Human Resources Assistant IV,92,"Colonel Chabert, Le"
Clarita,Smallridge,csmallridgegh@google.cn,Female,Subaru,Staff Accountant IV,63,Arcade
Katrinka,Morin,kmoringi@vinaora.com,Female,Mercury,Assistant Manager,94,"Green Wave, The"
Nevsa,Zotto,nzottogj@instagram.com,Female,Jeep,Operator,95,Prince Avalanche
Kimberly,Docket,kdocketgk@columbia.edu,Female,BMW,Help Desk Operator,114,Ballet Shoes
Thornton,Penson,tpensongl@jalbum.net,Male,Saab,Safety Technician IV,119,"Maidens' Conspiracy, The (Tirante el Blanco)"
Timotheus,Hulland,thullandgm@skype.com,Male,Mazda,Chief Design Engineer,36,Gulliver's Travels
Aggy,Nassy,anassygn@ebay.co.uk,Female,GMC,Professor,115,Ex Drummer
Pam,Donavan,pdonavango@unblog.fr,Female,Plymouth,Assistant Manager,82,Mischief
Tomaso,Bloss,tblossgp@ameblo.jp,Male,Buick,Web Designer I,42,Bill Burr: Why Do I Do This?
Kenton,McCrainor,kmccrainorgq@google.com,Male,Ford,Research Nurse,86,Hide-Out
Corney,Petrussi,cpetrussigr@utexas.edu,Male,GMC,Geologist I,92,Spirited Away (Sen to Chihiro no kamikakushi)
Austine,Vonderdell,avonderdellgs@studiopress.com,Female,Chevrolet,Account Representative II,71,Hammett
Giacobo,Dingivan,gdingivangt@google.pl,Male,Bentley,Sales Representative,108,Never Weaken
Kasey,Yelding,kyeldinggu@cbc.ca,Female,Toyota,VP Marketing,118,The Happy Road
Dory,Axston,daxstongv@edublogs.org,Female,Porsche,Civil Engineer,54,Darker Than Night
Wallas,Surgen,wsurgengw@fda.gov,Male,BMW,Administrative Officer,81,"Quiet Ones, The"
Reynold,Androlli,randrolligx@imageshack.us,Male,Audi,Research Assistant IV,60,Up the Sandbox
Megen,Brosel,mbroselgy@cnn.com,Female,Lotus,Human Resources Manager,96,Premiers désirs
Brewster,Woofinden,bwoofindengz@livejournal.com,Male,Bentley,Actuary,78,Direct Contact
Jarid,Kluge,jklugeh0@columbia.edu,Male,Aston Martin,Food Chemist,22,When Nietzsche Wept
Ferdinanda,Umpleby,fumplebyh1@bandcamp.com,Female,BMW,Structural Analysis Engineer,65,Passport to Pimlico
Morris,Margett,mmargetth2@ox.ac.uk,Male,Nissan,Senior Quality Engineer,83,Wedding Belles
Bambi,Dodwell,bdodwellh3@unesco.org,Female,Pontiac,Analog Circuit Design manager,90,Blade: Trinity
Annalise,Ismead,aismeadh4@ucoz.com,Female,Suzuki,VP Product Management,32,"Secret of Santa Vittoria, The"
Bruis,Busst,bbussth5@studiopress.com,Male,Mitsubishi,Statistician III,118,United Red Army (Jitsuroku Rengo Sekigun: Asama sanso e no michi)
Giacobo,Goff,ggoffh6@linkedin.com,Male,Nissan,Associate Professor,1,S.O.S. Eisberg
Schuyler,Hutchence,shutchenceh7@admin.ch,Male,Maybach,Occupational Therapist,6,"Fountainhead, The"
Kaila,Blancowe,kblancoweh8@trellian.com,Female,Pontiac,VP Accounting,20,Elaine Stritch: Shoot Me
Graehme,Dowears,gdowearsh9@cam.ac.uk,Male,GMC,Systems Administrator IV,61,Pekka ja Pätkä Suezilla
Luigi,Chaperling,lchaperlingha@soup.io,Male,Pontiac,Data Coordiator,47,Highwaymen
Nero,Impey,nimpeyhb@lycos.com,Male,Mitsubishi,Food Chemist,69,Disorganized Crime
Nichols,Edney,nedneyhc@ehow.com,Male,Volkswagen,Help Desk Operator,102,"Human Condition II, The (Ningen no joken II)"
Dalton,Haycroft,dhaycrofthd@earthlink.net,Male,Porsche,VP Sales,33,Dragon Ball Z: Cooler's Revenge (Doragon bôru Z 5: Tobikkiri no saikyô tai saikyô)
Quintus,Debnam,qdebnamhe@paginegialle.it,Male,Infiniti,Structural Analysis Engineer,66,Nine to Five (a.k.a. 9 to 5)
Vonny,Le Ball,vleballhf@dell.com,Female,Chevrolet,Data Coordiator,22,Foreign Letters
Basilius,Vick,bvickhg@buzzfeed.com,Male,BMW,Geologist III,73,Weeds
Nadia,Piet,npiethh@sun.com,Female,Lexus,Accounting Assistant II,16,"Loving Story, The"
Rycca,Mussen,rmussenhi@sciencedaily.com,Female,GMC,Geological Engineer,53,"Triumph of Love, The"
Clareta,Conkie,cconkiehj@reverbnation.com,Female,Cadillac,Tax Accountant,83,Michael Jackson's This Is It
Hilton,Claybourn,hclaybournhk@eepurl.com,Male,Nissan,Paralegal,25,Boys Life 2
Janene,Weigh,jweighhl@youtube.com,Female,Chevrolet,Physical Therapy Assistant,118,Legion of the Dead
Danyette,Hannum,dhannumhm@timesonline.co.uk,Female,Aston Martin,Computer Systems Analyst IV,95,Honey Moon (Honigmond)
Faydra,Codrington,fcodringtonhn@i2i.jp,Female,Suzuki,Nurse,73,Decoys 2: Alien Seduction 
Hali,Rumbold,hrumboldho@desdev.cn,Female,Ford,Staff Scientist,11,Mad Dog and Glory
Stafford,MacDonogh,smacdonoghhp@newsvine.com,Male,Porsche,Professor,68,"Marsh, The"
Dulsea,Bettesworth,dbettesworthhq@hp.com,Female,Ford,Data Coordiator,19,Shattered
Pascale,Ransom,pransomhr@altervista.org,Male,Mazda,Web Developer II,99,Gypsy
Hillard,Barthram,hbarthramhs@linkedin.com,Male,Mercedes-Benz,Compensation Analyst,35,That Certain Woman
Valli,Sprague,vspragueht@sogou.com,Female,BMW,Tax Accountant,70,P2
Emogene,Ianetti,eianettihu@themeforest.net,Female,Lincoln,Cost Accountant,6,Raw Deal
Caspar,Manzell,cmanzellhv@loc.gov,Male,Lincoln,Research Associate,105,Connie and Carla
Magnum,Mundford,mmundfordhw@google.co.uk,Male,Saturn,Paralegal,86,Apartment 1303
Mindy,Garvin,mgarvinhx@sciencedirect.com,Female,Hyundai,Staff Accountant IV,87,"Wings of the Dove, The"
Aloise,Walding,awaldinghy@mozilla.org,Female,Chevrolet,General Manager,67,Far Out Man
Leontyne,Swannell,lswannellhz@privacy.gov.au,Female,Chevrolet,Physical Therapy Assistant,20,"Corporation, The"
Mathilde,Chartres,mchartresi0@tripadvisor.com,Female,Pontiac,Paralegal,2,"Topo, El"
Ike,Breed,ibreedi1@mapquest.com,Male,Jaguar,Staff Accountant II,61,Washington Square
Hill,Norsister,hnorsisteri2@fotki.com,Male,BMW,Nuclear Power Engineer,23,Taistelu Näsilinnasta 1918
Aubrie,Kynan,akynani3@cmu.edu,Female,Dodge,Marketing Assistant,89,The Water Diviner
Melody,Roselli,mrosellii4@google.ru,Female,GMC,Civil Engineer,113,"Boys of St. Vincent, The"
Nydia,Kimbell,nkimbelli5@rakuten.co.jp,Female,Ram,Structural Engineer,39,"Mighty Wind, A"
Lyon,Eagland,leaglandi6@51.la,Male,Chevrolet,Account Coordinator,107,Séraphine
Camella,Gonning,cgonningi7@nature.com,Female,Pontiac,Community Outreach Specialist,84,"Yellow Sea, The (a.k.a. The Murderer) (Hwanghae)"
Gwen,McGinny,gmcginnyi8@diigo.com,Female,Volkswagen,Food Chemist,19,In the Park
Maximo,Deaves,mdeavesi9@chron.com,Male,Mazda,Office Assistant I,90,"Raisin in the Sun, A"
Brandi,Suston,bsustonia@redcross.org,Female,Ford,Software Engineer II,82,"Widow of St. Pierre, The (Veuve de Saint-Pierre, La)"
Gram,Deinhardt,gdeinhardtib@twitpic.com,Male,Saab,Software Consultant,76,Out of Nature
Kevyn,Wrankling,kwranklingic@redcross.org,Female,Pontiac,GIS Technical Architect,68,Drogówka
Aluino,Aspenlon,aaspenlonid@state.gov,Male,Chevrolet,Database Administrator II,33,Bizarre
Peggy,Kusick,pkusickie@dmoz.org,Female,Saab,Cost Accountant,77,I Can't Sleep (J'ai pas sommeil)
Louie,Brando,lbrandoif@163.com,Male,Lexus,VP Quality Control,103,"Grudge, The"
Sybille,Gubbin,sgubbinig@is.gd,Female,Nissan,Statistician IV,38,Private Lessons
Amity,Sket,asketih@umn.edu,Female,Ford,Legal Assistant,105,Mudhoney
Brian,Brunotti,bbrunottiii@dailymotion.com,Male,Volkswagen,Engineer IV,99,Trading Places
Sergei,de Castelain,sdecastelainij@skype.com,Male,Nissan,Research Nurse,58,Kurt & Courtney
Grantley,Heindrich,gheindrichik@reddit.com,Male,Toyota,Payment Adjustment Coordinator,111,"Silver Stallion (Silver Brumpy, The)"
Carley,Cellone,ccelloneil@netscape.com,Female,Volkswagen,Social Worker,67,Spring is Here
Cate,Northover,cnorthoverim@bizjournals.com,Female,Oldsmobile,Chemical Engineer,104,American Son
Katine,Kinloch,kkinlochin@sciencedaily.com,Female,Ford,Computer Systems Analyst I,52,Epic
Gustavo,Demeza,gdemezaio@jiathis.com,Male,Ford,Marketing Manager,26,Silver City
Pierre,Siney,psineyip@vkontakte.ru,Male,Infiniti,Pharmacist,59,"Late Quartet, A"
Annie,Keeling,akeelingiq@angelfire.com,Female,Bentley,Statistician IV,113,Jamaica Inn
Celeste,Hordell,chordellir@nyu.edu,Female,Porsche,Systems Administrator IV,56,"Another Day, Another Time: Celebrating the Music of Inside Llewyn Davis"
Alyson,Stivers,astiversis@creativecommons.org,Female,Lotus,VP Product Management,108,Legendary
Mendel,Simnor,msimnorit@nba.com,Male,Nissan,Office Assistant I,82,Right at Your Door
Alric,Drakeford,adrakefordiu@webs.com,Male,Toyota,Nurse Practicioner,55,"Wog Boy, The"
Brook,Schwartz,bschwartziv@cargocollective.com,Female,Saab,Account Representative IV,45,Grave Secrets (Silent Screams)
Anatole,Dunlap,adunlapiw@i2i.jp,Male,Nissan,Software Consultant,18,What If... (An...)
Nelly,Yurocjhin,nyurocjhinix@canalblog.com,Female,Bentley,Graphic Designer,12,On the Silver Globe (Na srebrnym globie)
Lori,Gronaver,lgronaveriy@ebay.co.uk,Female,Ford,Graphic Designer,91,Puppet Master 5: The Final Chapter
Lorin,Springford,lspringfordiz@mozilla.org,Male,Lincoln,Geological Engineer,43,First Position
Phillis,Hayselden,phayseldenj0@seattletimes.com,Female,Lotus,Compensation Analyst,81,Crime After Crime
Tate,Aers,taersj1@cargocollective.com,Male,Honda,Cost Accountant,66,Bob & Carol & Ted & Alice
Alfy,Dalgardno,adalgardnoj2@nhs.uk,Female,Toyota,Marketing Assistant,106,Up in Arms
Seka,Wilfinger,swilfingerj3@ifeng.com,Female,Mitsubishi,Administrative Assistant III,112,Prospero's Books
Gilbert,De L'Isle,gdelislej4@comsenz.com,Male,Volvo,Registered Nurse,19,"Edward, My Son"
Nilson,Snooks,nsnooksj5@harvard.edu,Male,Land Rover,Nurse Practicioner,57,Night Train
Gregor,Vidler,gvidlerj6@netvibes.com,Male,Chevrolet,Environmental Tech,15,Almost Married
Mirabel,Colclough,mcolcloughj7@tripod.com,Female,Pontiac,Assistant Professor,111,Wieners
Dehlia,Pryn,dprynj8@alexa.com,Female,Suzuki,Community Outreach Specialist,70,"Lucky Ones, The"
Thane,Folomin,tfolominj9@psu.edu,Male,GMC,Legal Assistant,17,Common
Jone,Fishbourn,jfishbournja@nasa.gov,Male,Lamborghini,Engineer IV,72,Archangel
Nani,Sully,nsullyjb@w3.org,Female,Lotus,Human Resources Manager,19,Sweeney Todd: The Demon Barber of Fleet Street
Betteanne,Doneld,bdoneldjc@360.cn,Female,GMC,Legal Assistant,53,Stalag Luft
Davis,Franchioni,dfranchionijd@mapquest.com,Male,Volvo,Senior Developer,95,Straight to Hell
Matthiew,Puffett,mpuffettje@patch.com,Male,Kia,Research Nurse,119,"Dove, The"
Trixy,Tatlow,ttatlowjf@cnbc.com,Female,Pontiac,Recruiter,27,Inside Moves
Kristal,O'Skehan,koskehanjg@ucsd.edu,Female,Infiniti,Marketing Manager,25,Eight Deadly Shots (Kahdeksan surmanluotia)
Kelly,Hansbury,khansburyjh@upenn.edu,Female,Jeep,Senior Developer,43,"Pleasure Garden, The"
Merrill,O'Lyhane,molyhaneji@youtube.com,Female,Lexus,Financial Advisor,28,Meet Monica Velour
Aldric,Colthard,acolthardjj@plala.or.jp,Male,Ford,Professor,83,Care Bears Movie II: A New Generation
Barney,Suller,bsullerjk@deliciousdays.com,Male,Scion,Nuclear Power Engineer,11,Miss Sweden (Fröken Sverige)
Madonna,Seamarke,mseamarkejl@spiegel.de,Female,Pontiac,GIS Technical Architect,112,Slaughter
Louise,Mattsson,lmattssonjm@google.com.br,Female,Dodge,Senior Financial Analyst,116,Varg Veum - Fallen Angels (Varg Veum - Falne Engler)
Keith,Chamberlaine,kchamberlainejn@sina.com.cn,Male,Buick,Nurse Practicioner,32,Dreamworld
Fanya,McNamara,fmcnamarajo@wufoo.com,Female,Porsche,Database Administrator IV,44,Harry Potter and the Goblet of Fire
Rose,McCart,rmccartjp@aboutads.info,Female,GMC,Legal Assistant,102,Incendiary
Bryant,Questier,bquestierjq@businessweek.com,Male,Mercedes-Benz,Actuary,7,"Ringer, The"
Banky,Pountain,bpountainjr@seattletimes.com,Male,Chevrolet,Quality Control Specialist,1,"Convent, The"
Eolanda,Schrir,eschrirjs@sphinn.com,Female,Honda,Sales Associate,18,Zuzu Angel
Mercie,Linebarger,mlinebargerjt@forbes.com,Female,GMC,Compensation Analyst,106,Saint Laurent
Kelbee,Kennon,kkennonju@tinypic.com,Male,Saab,Computer Systems Analyst I,88,"Lone Ranger and the Lost City of Gold, The"
Rory,Pllu,rpllujv@facebook.com,Female,Oldsmobile,Operator,114,Kopps
Beckie,Broadhead,bbroadheadjw@google.fr,Female,Volvo,Speech Pathologist,85,Crash
Flss,Matonin,fmatoninjx@amazon.de,Female,Volvo,Database Administrator II,108,Commune
Addison,Abbet,aabbetjy@yelp.com,Male,Audi,Systems Administrator IV,115,Stranded: I've Come from a Plane That Crashed on the Mountains
Amory,Monelli,amonellijz@ow.ly,Male,Honda,Internal Auditor,4,Mr. Brooks
Joaquin,Moxstead,jmoxsteadk0@posterous.com,Male,Volkswagen,Recruiting Manager,48,[REC]³ 3 Génesis
Reggie,Redan,rredank1@ucsd.edu,Female,Chevrolet,Research Assistant III,110,"Cry of the Owl, The"
Sasha,Skelcher,sskelcherk2@guardian.co.uk,Male,Acura,Senior Quality Engineer,69,Enter the Dragon
Silvanus,Luney,sluneyk3@cocolog-nifty.com,Male,Pontiac,Assistant Professor,50,Evergreen
Finn,Astill,fastillk4@virginia.edu,Male,Mitsubishi,Account Executive,61,Mean Girls 2
Brietta,Musterd,bmusterdk5@epa.gov,Female,Kia,Administrative Officer,15,Stir Crazy
Daune,Gracewood,dgracewoodk6@ucsd.edu,Female,Dodge,Professor,111,"Fast Five (Fast and the Furious 5, The)"
Torey,Rochford,trochfordk7@naver.com,Male,Acura,Programmer I,47,"Muertos, Los"
Vaughan,Minghella,vminghellak8@senate.gov,Male,Ford,Speech Pathologist,120,Brief Encounter
Aurelea,Howsin,ahowsink9@hugedomains.com,Female,Chevrolet,Engineer IV,26,"Man You Had in Mind, The"
Edeline,Cullington,ecullingtonka@jigsy.com,Female,Shelby,Civil Engineer,41,Open Heart
Jobi,Coste,jcostekb@cafepress.com,Female,BMW,Desktop Support Technician,62,Jamilya
Ashly,Pearce,apearcekc@foxnews.com,Female,Acura,Analyst Programmer,8,"Box, The"
Jess,Warfield,jwarfieldkd@icq.com,Male,Mazda,Health Coach IV,50,Leprechaun 4: In Space
Cornie,Ismail,cismailke@dmoz.org,Female,Nissan,Budget/Accounting Analyst I,34,Final: The Rapture
Denney,Kalvin,dkalvinkf@springer.com,Male,Maybach,Marketing Manager,79,Out of the Blue
Devora,Coonihan,dcoonihankg@prweb.com,Female,Acura,Structural Engineer,53,Do We Really Need the Moon?
Borden,Beresfore,bberesforekh@rakuten.co.jp,Male,Dodge,Web Developer II,82,"Desert Rats, The"
Jessamine,Morican,jmoricanki@oracle.com,Female,GMC,Systems Administrator I,80,Viva Villa!
Shay,Gian,sgiankj@arstechnica.com,Female,Lexus,Nurse Practicioner,21,Daughters of the Dust
Zacharias,Prime,zprimekk@latimes.com,Male,Infiniti,Assistant Manager,63,"Cucaracha, La"
Alameda,Farrington,afarringtonkl@npr.org,Female,Toyota,Assistant Media Planner,114,Kid Millions
Rosie,Turpin,rturpinkm@va.gov,Female,Buick,Biostatistician IV,87,"Burma Conspiracy, The (Largo Winch II)"
Ronnie,Ross,rrosskn@cnet.com,Male,Nissan,Environmental Specialist,21,"Accidental Spy, The (Dak miu mai shing)"
Franny,Northidge,fnorthidgeko@rakuten.co.jp,Male,Dodge,Sales Representative,44,Whiplash
Rafi,Andriolli,randriollikp@google.es,Male,Mercury,Technical Writer,36,Looking for Maria Sanchez
Claudina,Duplan,cduplankq@list-manage.com,Female,Honda,Nurse,113,Love In the Time of Money
Tiena,Harmston,tharmstonkr@drupal.org,Female,Dodge,Pharmacist,8,Little Miss Sunshine
Cecil,Bloy,cbloyks@reference.com,Male,GMC,Food Chemist,103,Alla älskar Alice
Arluene,De Brett,adebrettkt@smugmug.com,Female,Land Rover,Financial Advisor,82,At the Circus
Erminie,Clibbery,eclibberyku@google.com,Female,Honda,Quality Engineer,105,Wonder Man
Daphne,Vanshin,dvanshinkv@etsy.com,Female,Chevrolet,Analyst Programmer,64,"Principal, The"
Marianna,Shwenn,mshwennkw@apple.com,Female,Honda,VP Marketing,36,Abelar: Tales of an Ancient Empire (Tales of an Ancient Empire)
Britt,Aylmer,baylmerkx@google.cn,Female,Oldsmobile,Help Desk Technician,50,"Dilemma, The"
Nickie,Huelin,nhuelinky@de.vu,Male,Hummer,Senior Financial Analyst,109,Mr. Untouchable
Jdavie,Jude,jjudekz@youku.com,Male,Ford,Chemical Engineer,97,Friends and Family
Reina,Wignall,rwignalll0@reference.com,Female,Mazda,Legal Assistant,57,Cadillac Man
Franklyn,Kunze,fkunzel1@noaa.gov,Male,Hyundai,Cost Accountant,112,Palestine Is Still the Issue
Perkin,Bartolomeazzi,pbartolomeazzil2@sphinn.com,Male,GMC,Senior Quality Engineer,92,"Long Night, The"
Pattie,Diss,pdissl3@t.co,Male,Isuzu,Data Coordiator,118,Blue Week (Sininen viikko)
Fan,Jiru,fjirul4@goodreads.com,Female,Subaru,Senior Sales Associate,11,Jealousy
Ruggiero,Hurndall,rhurndalll5@google.fr,Male,GMC,VP Quality Control,48,"Summit, The"
Herve,Cuddihy,hcuddihyl6@yolasite.com,Male,Audi,Staff Accountant I,41,"Soldier's Plaything, A"
Gipsy,Deftie,gdeftiel7@cornell.edu,Female,Aston Martin,Assistant Professor,56,Nobody
Jeannine,Sweynson,jsweynsonl8@amazon.de,Female,Chevrolet,Dental Hygienist,25,"Big Red One, The"
Rodolfo,Glede,rgledel9@desdev.cn,Male,Audi,Research Associate,107,"Swimsuit Issue, The (Allt flyter)"
Dulcia,Gorioli,dgoriolila@com.com,Female,Mercury,Quality Control Specialist,90,"America, America"
Jemimah,Frede,jfredelb@prlog.org,Female,Honda,Structural Engineer,112,Dangerous Beauty
Martina,Lowde,mlowdelc@wordpress.org,Female,Mercedes-Benz,Research Nurse,12,Her Highness and the Bellboy
Ginnifer,Battey,gbatteyld@harvard.edu,Female,Aston Martin,Product Engineer,87,Chris Rock: Bigger & Blacker
Lisa,Stanney,lstanneyle@va.gov,Female,Lexus,Account Coordinator,84,Aftermath
Adelheid,O'Fearguise,aofearguiself@twitpic.com,Female,Land Rover,Executive Secretary,17,"Champ, The"
Kaitlyn,Hughlin,khughlinlg@taobao.com,Female,Honda,Geological Engineer,58,"Borrowers, The"
Wynnie,Denerley,wdenerleylh@t.co,Female,Aptera,Senior Editor,41,Hell's Highway
Gustaf,Worthington,gworthingtonli@desdev.cn,Male,GMC,Recruiter,85,Possessed
Vladamir,Maywood,vmaywoodlj@networkadvertising.org,Male,Oldsmobile,Technical Writer,2,Cats Don't Dance
Henderson,Figg,hfigglk@linkedin.com,Male,Acura,Software Consultant,55,Mulan
Jerald,Jerisch,jjerischll@woothemes.com,Male,Saab,Environmental Tech,26,"Cat's Meow, The"
Remington,Jenckes,rjenckeslm@example.com,Male,Chevrolet,Project Manager,76,"Adventurer: The Curse of the Midas Box, The"
Niels,Heller,nhellerln@vinaora.com,Male,Toyota,Database Administrator II,71,"Ritz, The"
Cate,Strettell,cstrettelllo@hud.gov,Female,Ford,Developer I,59,Skyfall
Jed,Cristofol,jcristofollp@google.nl,Male,Pontiac,Assistant Manager,101,October Sky
Robinet,Abrey,rabreylq@deviantart.com,Male,Buick,VP Accounting,85,Pleasure at Her Majesty's
Rockwell,Ties,rtieslr@hibu.com,Male,Volkswagen,Operator,105,Geri's Game
Maurits,Strettle,mstrettlels@prweb.com,Male,Mercury,Dental Hygienist,98,Tai-Pan
Fancie,Vail,fvaillt@tripod.com,Female,Mazda,VP Sales,22,Kaho Naa... Pyaar Hai
Care,Denekamp,cdenekamplu@nifty.com,Male,Lexus,Quality Control Specialist,28,Silk
Rochell,Jandac,rjandaclv@php.net,Female,Nissan,GIS Technical Architect,63,Changeling
Anstice,Skill,askilllw@fda.gov,Female,Nissan,Media Manager IV,70,Family Law (Derecho de familia)
Gene,Verillo,gverillolx@bbc.co.uk,Male,Mercury,VP Accounting,31,Whirlygirl
Alasdair,Schneidar,aschneidarly@yale.edu,Male,Mazda,Account Coordinator,105,City Island
Jerald,Martignoni,jmartignonilz@digg.com,Male,GMC,Social Worker,23,Inside Deep Throat
Norma,Hookes,nhookesm0@simplemachines.org,Female,Oldsmobile,Developer I,92,I Always Wanted to Be a Gangster (J'ai toujours rêvé d'être un gangster)
Udall,Coade,ucoadem1@typepad.com,Male,Mercury,Marketing Manager,21,Don't Change Your Husband
Jeffie,Queree,jquereem2@smugmug.com,Male,Nissan,VP Product Management,37,Blood Feast
Fredi,Milella,fmilellam3@mozilla.com,Female,Ford,Project Manager,30,Je préfère qu'on reste amis
Konstantin,Doutch,kdoutchm4@about.com,Male,GMC,Pharmacist,46,Tonight and Every Night
Amara,Fake,afakem5@hc360.com,Female,Volvo,Dental Hygienist,97,Belle époque
Eldin,Figliovanni,efigliovannim6@marriott.com,Male,Saab,VP Product Management,2,"Bakeneko: A Vengeful Spirit (Kaibyô nori no numa) (Ghost-Cat Cursed Pond, The)"
Shana,Pollitt,spollittm7@amazon.co.jp,Female,Acura,Payment Adjustment Coordinator,110,Alice's Restaurant
Tatiania,Gagen,tgagenm8@discuz.net,Female,Mercury,Paralegal,54,Shock Treatment
Charlot,Pichmann,cpichmannm9@twitpic.com,Female,Dodge,Community Outreach Specialist,42,Whisky Galore
Luther,Cheek,lcheekma@devhub.com,Male,Maserati,Compensation Analyst,80,Gimme the Loot
Burlie,Lampitt,blampittmb@apple.com,Male,Mazda,Information Systems Manager,44,"All Dogs Christmas Carol, An"
Lesly,Sawyers,lsawyersmc@geocities.jp,Female,GMC,Food Chemist,74,Short Circuit
Perri,Aps,papsmd@xinhuanet.com,Female,Hyundai,Research Nurse,65,"Lord of the Rings: The Two Towers, The"
Cathleen,Klamman,cklammanme@toplist.cz,Female,Ford,Director of Sales,88,Richard III
Levon,Capes,lcapesmf@hugedomains.com,Male,Subaru,Cost Accountant,93,Pageant
Norbert,Piegrome,npiegromemg@scientificamerican.com,Male,Mercury,Dental Hygienist,67,"Nude Bomb, The"
Emma,Carriage,ecarriagemh@bloglovin.com,Female,Nissan,Cost Accountant,42,Two in the Wave
Reinaldo,Omond,romondmi@youtu.be,Male,Mazda,Marketing Assistant,23,Asterix and the Big Fight (Astérix et le coup du menhir)
Ignace,Grimsdell,igrimsdellmj@walmart.com,Male,Chevrolet,Business Systems Development Analyst,40,Burning Palms
Eadmund,Bestar,ebestarmk@example.com,Male,Pontiac,Programmer Analyst IV,65,If Lucy Fell
Serge,Tideswell,stideswellml@blogspot.com,Male,Saturn,Biostatistician III,103,Encino Man
Hubie,Rosewall,hrosewallmm@smh.com.au,Male,Lotus,Systems Administrator II,45,Salvatore Giuliano
Bert,Tomenson,btomensonmn@fotki.com,Female,Volkswagen,Senior Financial Analyst,18,Disorganized Crime
Tucker,Titlow,ttitlowmo@sakura.ne.jp,Male,Mitsubishi,Pharmacist,51,"Contempt (Mépris, Le)"
Cullen,Thurnham,cthurnhammp@php.net,Male,Chevrolet,Dental Hygienist,96,Harum Scarum
Josy,Yitzhok,jyitzhokmq@plala.or.jp,Female,Ford,Nurse Practicioner,89,Bathing Beauty
Garnet,Haylock,ghaylockmr@infoseek.co.jp,Female,Mitsubishi,Account Representative IV,41,Sweet Evil (L'enfance du mal)
Darnall,Bulfoot,dbulfootms@mapquest.com,Male,Mercedes-Benz,Software Engineer IV,91,Twilight's Last Gleaming
Aggi,Kingswell,akingswellmt@drupal.org,Female,Suzuki,Staff Scientist,79,"Small Back Room, The"
Shelli,Hardan,shardanmu@jigsy.com,Female,Buick,Community Outreach Specialist,116,Bitter Sweetheart
Em,Grimmer,egrimmermv@ihg.com,Male,Volvo,Database Administrator IV,61,One Last Hug
Hermy,Lorenzin,hlorenzinmw@squidoo.com,Male,Acura,Teacher,68,Hell Is Sold Out
Kacy,Aslott,kaslottmx@friendfeed.com,Female,Chrysler,Legal Assistant,34,"Dinner, The (Cena, La)"
Zora,Knipe,zknipemy@wufoo.com,Female,GMC,General Manager,67,I'll Never Forget What's'isname
Lexi,Purdie,lpurdiemz@springer.com,Female,Chevrolet,Computer Systems Analyst I,104,Stella: Live in Boston
Dayna,Pesselt,dpesseltn0@sciencedirect.com,Female,Hyundai,Tax Accountant,87,Destroyer
Darryl,A'Barrow,dabarrown1@pen.io,Male,Chevrolet,Quality Engineer,50,"Man Who Would Be King, The"
Wayland,Eccleshall,weccleshalln2@bravesites.com,Male,Mazda,Data Coordiator,11,Kinbaku
Genevra,Daice,gdaicen3@purevolume.com,Female,Nissan,Analyst Programmer,117,"Ice Harvest, The"
Prinz,Hickin,phickinn4@dropbox.com,Male,Jaguar,VP Product Management,59,Drunken Angel (Yoidore tenshi)
Wileen,Le Marquis,wlemarquisn5@storify.com,Female,Pontiac,Systems Administrator III,112,Happy Go Lovely
Cary,Coupman,ccoupmann6@naver.com,Male,Mitsubishi,Design Engineer,13,His Name Was Jason: 30 Years of Friday the 13th
Jonas,Owlner,jowlnern7@youtu.be,Male,GMC,Web Developer III,92,Black Coffee
Jessica,Osgarby,josgarbyn8@apple.com,Female,Mercedes-Benz,Office Assistant II,67,When Will I Be Loved
Chaim,Gallyon,cgallyonn9@hc360.com,Male,Ford,Administrative Officer,51,My Life in Orange (Sommer in Orange)
Martita,Mannion,mmannionna@buzzfeed.com,Female,Pontiac,Programmer II,41,Visitor to a Museum (Posetitel muzeya)
Astrid,Telfer,atelfernb@bloomberg.com,Female,Lexus,Project Manager,22,Third Star
Cilka,Atcock,catcocknc@noaa.gov,Female,Mitsubishi,Nurse,20,I Love You to Death
Sharity,Fouldes,sfouldesnd@ebay.com,Female,Cadillac,Help Desk Technician,48,Beijing Bicycle (Shiqi sui de dan che)
Bailey,Furbank,bfurbankne@google.com.br,Male,Buick,Environmental Tech,50,Talking Funny
Merwin,Balf,mbalfnf@bloomberg.com,Male,Jaguar,Office Assistant I,80,Ferocious
Gilligan,Olensby,golensbyng@ucoz.com,Female,Ford,Occupational Therapist,119,"Last Witness, The"
Wendi,Minghetti,wminghettinh@simplemachines.org,Female,Chevrolet,Quality Control Specialist,114,Wild River
Olive,Bodham,obodhamni@slideshare.net,Female,BMW,Senior Developer,86,V. I. Warshawski
Zacharias,Towlson,ztowlsonnj@hugedomains.com,Male,Chevrolet,Senior Quality Engineer,106,Horrible Bosses 2
Dimitri,Pree,dpreenk@yellowbook.com,Male,Toyota,Human Resources Manager,82,"Mighty Quinn, The"
Carrissa,Meers,cmeersnl@over-blog.com,Female,Mercedes-Benz,Teacher,73,Never Sleep Again: The Elm Street Legacy
Carree,MacMakin,cmacmakinnm@phpbb.com,Female,Mazda,Senior Editor,71,Dark Night of the Scarecrow
Mose,Ladyman,mladymannn@home.pl,Male,Volvo,Accountant III,98,Shaft's Big Score!
Edik,Routh,erouthno@lulu.com,Male,Mazda,VP Sales,67,13 Tzameti
Barny,Yes,byesnp@angelfire.com,Male,Subaru,Assistant Media Planner,54,Addicted to Plastic
Tod,Guyver,tguyvernq@toplist.cz,Male,Lincoln,Account Coordinator,38,Lonesome Jim
Melamie,Lohan,mlohannr@nyu.edu,Female,Buick,Office Assistant I,117,They Won't Believe Me
Constancy,Letson,cletsonns@domainmarket.com,Female,Maybach,Occupational Therapist,106,Fear
Arlette,Konert,akonertnt@mail.ru,Female,Pontiac,VP Accounting,49,Santa Buddies
Francois,Haruard,fharuardnu@oakley.com,Male,Pontiac,Account Representative II,36,No Way Out
Sallee,Raiston,sraistonnv@theglobeandmail.com,Female,Chevrolet,General Manager,10,Tony
Claire,Telfer,ctelfernw@soundcloud.com,Male,Audi,Associate Professor,23,"Prince of Tides, The"
Aggi,Davidovitch,adavidovitchnx@npr.org,Female,Mazda,Senior Editor,117,"Sum of All Fears, The"
Hildagard,Readett,hreadettny@google.cn,Female,Ford,Software Consultant,74,"War of the Worlds, The"
Paulie,Kornousek,pkornouseknz@scientificamerican.com,Female,Ford,Office Assistant I,25,Images of the World and the Inscription of War (Bilder der Welt und Inschrift des Krieges)
Vida,Bale,vbaleo0@ow.ly,Female,Mazda,Information Systems Manager,116,Whirlygirl
Melitta,Bellerby,mbellerbyo1@sciencedaily.com,Female,Hyundai,Software Test Engineer III,93,From Prada to Nada
Waylan,McPheat,wmcpheato2@accuweather.com,Male,Infiniti,Analyst Programmer,93,Eddie and the Cruisers
Barthel,Jacombs,bjacombso3@drupal.org,Male,Mazda,Payment Adjustment Coordinator,102,"First Wives Club, The"
Cicily,Ferns,cfernso4@house.gov,Female,Lincoln,Chief Design Engineer,91,Toys in the Attic
Cob,Axell,caxello5@privacy.gov.au,Male,Mitsubishi,Social Worker,106,Narco Cultura
Rafferty,Chaikovski,rchaikovskio6@ihg.com,Male,Dodge,General Manager,48,Charlie Chan's Chance
Sunny,Halewood,shalewoodo7@state.gov,Female,Buick,VP Marketing,19,Stone Cold
Marlyn,Verecker,mvereckero8@kickstarter.com,Female,Mercedes-Benz,Civil Engineer,103,Come Blow Your Horn
Edie,Fearick,efearicko9@biglobe.ne.jp,Female,Mercedes-Benz,Geologist I,16,Apollo Zero
Jori,Donahue,jdonahueoa@shop-pro.jp,Female,Geo,Quality Engineer,40,Janie Jones
Carley,Laurentin,claurentinob@nydailynews.com,Female,Mazda,Account Coordinator,2,"Herod's Law (Ley de Herodes, La)"
Meredeth,Cheyne,mcheyneoc@spotify.com,Male,Buick,Product Engineer,4,Company of Heroes
Kile,Keoghan,kkeoghanod@sitemeter.com,Male,Mercedes-Benz,Data Coordiator,10,"Collector, The"
Dell,Hapke,dhapkeoe@mediafire.com,Female,Mercedes-Benz,Accounting Assistant III,67,Step Up All In
Cristobal,Martel,cmartelof@typepad.com,Male,Ford,Assistant Professor,55,Shriek If You Know What I Did Last Friday the Thirteenth
Ethan,Pemberton,epembertonog@rambler.ru,Male,Jeep,Systems Administrator III,102,8MM 2
Marchelle,Nudds,mnuddsoh@people.com.cn,Female,GMC,Assistant Professor,118,Blue Like Jazz
Kev,Grizard,kgrizardoi@addthis.com,Male,Mazda,Associate Professor,65,102 Minutes That Changed America
Selena,Champney,schampneyoj@paginegialle.it,Female,Mitsubishi,Civil Engineer,85,Cry Wolf
Husein,Goodbarne,hgoodbarneok@cocolog-nifty.com,Male,Honda,Analog Circuit Design manager,30,Wild Things
Wenona,Southwood,wsouthwoodol@ted.com,Female,Volvo,Automation Specialist I,42,Nymph
Langsdon,Maggorini,lmaggoriniom@joomla.org,Male,Chrysler,Systems Administrator II,67,"Telephone, The"
Dalia,Knightsbridge,dknightsbridgeon@stumbleupon.com,Female,Mercury,Senior Quality Engineer,33,Kirikou and the Sorceress (Kirikou et la sorcière)
Bent,Brennon,bbrennonoo@utexas.edu,Male,Mercedes-Benz,Occupational Therapist,40,Century
Nancey,Sweetmore,nsweetmoreop@ezinearticles.com,Female,Land Rover,Marketing Manager,117,"Citizen, The"
Percival,Haseley,phaseleyoq@imdb.com,Male,Audi,Human Resources Manager,96,"War Comes to America (Why We Fight, 7)"
Judon,Hamner,jhamneror@cpanel.net,Male,Mitsubishi,VP Sales,108,40 Days and 40 Nights
Aile,Caulwell,acaulwellos@uiuc.edu,Female,Mazda,Physical Therapy Assistant,91,Room at the Top
Wileen,Bortolozzi,wbortolozziot@apache.org,Female,Volkswagen,Human Resources Manager,45,Lucky: No Time For Love
Conrado,Larman,clarmanou@theguardian.com,Male,GMC,Social Worker,32,The Facts of Murder
Hercules,Loades,hloadesov@columbia.edu,Male,Ford,Professor,108,Author! Author!
Olenolin,Dorin,odorinow@hugedomains.com,Male,GMC,Quality Engineer,23,All the Fine Young Cannibals
Ilyse,Marrows,imarrowsox@intel.com,Female,Kia,Electrical Engineer,91,Donkey Skin (Peau d'âne)
Conney,Tunnacliffe,ctunnacliffeoy@digg.com,Male,Mercedes-Benz,Senior Sales Associate,51,Five Minutes of Heaven
Benjamin,Camerati,bcameratioz@canalblog.com,Male,Toyota,GIS Technical Architect,27,Pure
Loraine,Lage,llagep0@paginegialle.it,Female,Honda,Analog Circuit Design manager,84,Hero
Zelig,Gartrell,zgartrellp1@ow.ly,Male,GMC,Environmental Specialist,31,Mr. Nanny
Gayleen,Crookshanks,gcrookshanksp2@psu.edu,Female,Lotus,Cost Accountant,110,"Hole in the Soul, A (Rupa u dusi)"
Winn,Broxap,wbroxapp3@oracle.com,Male,Mercury,Marketing Manager,64,Avatar
Sibylle,Dancy,sdancyp4@chicagotribune.com,Female,Chevrolet,VP Sales,112,Saints and Soldiers
Chen,Antognetti,cantognettip5@multiply.com,Male,Chevrolet,Database Administrator I,101,Saint Laurent
Nickey,De Leek,ndeleekp6@state.gov,Male,Mercedes-Benz,Health Coach II,111,Madame Curie
Brett,Nerger,bnergerp7@parallels.com,Male,Infiniti,Safety Technician IV,93,"Last Summer of La Boyita, The (El último verano de la Boyita)"
Tanner,Summerscales,tsummerscalesp8@vimeo.com,Male,GMC,Help Desk Technician,65,Zero Degrees of Separation
Alexander,Atger,aatgerp9@mashable.com,Male,Volvo,Health Coach II,110,Cry Wolf
Norby,Gouldie,ngouldiepa@zdnet.com,Male,Pontiac,Design Engineer,90,At First Sight
Lana,Vankeev,lvankeevpb@huffingtonpost.com,Female,Isuzu,Sales Representative,10,Hamsun
Robinette,Chesser,rchesserpc@toplist.cz,Female,Ford,Occupational Therapist,55,Love & Human Remains
Kimmie,Brimm,kbrimmpd@theguardian.com,Female,Subaru,Desktop Support Technician,120,Cahill U.S. Marshal (Cahill: United States Marshal) (Wednesday Morning)
Janifer,Bushell,jbushellpe@moonfruit.com,Female,Chevrolet,Financial Advisor,82,Cinderella Man
Irv,Snelling,isnellingpf@discuz.net,Male,Volvo,Research Assistant II,115,His Girl Friday
Ulric,Twiddle,utwiddlepg@shutterfly.com,Male,Mercury,Structural Engineer,59,Foreign Correspondent
Kellie,Werrett,kwerrettph@hc360.com,Female,Lincoln,Senior Sales Associate,105,"Eila, Rampe and Likka"
Stanley,Giraudat,sgiraudatpi@addthis.com,Male,Lotus,Database Administrator II,82,House on Haunted Hill
Panchito,Ferrero,pferreropj@gmpg.org,Male,Audi,VP Quality Control,34,Marley & Me: The Puppy Years
Lovell,Gillison,lgillisonpk@adobe.com,Male,Pontiac,Staff Accountant I,69,"Lizard, The (Marmoulak)"
Ichabod,Comazzo,icomazzopl@unesco.org,Male,Lincoln,Chemical Engineer,34,Pokémon the Movie 2000
Chloette,Bartczak,cbartczakpm@barnesandnoble.com,Female,Mazda,Statistician IV,45,"Colonel Chabert, Le"
Farly,Scarman,fscarmanpn@netlog.com,Male,Mazda,Engineer III,53,Tumbleweeds
Glynn,Wastie,gwastiepo@shutterfly.com,Male,Ford,Internal Auditor,102,Gumby: The Movie
Ambrosius,Hazel,ahazelpp@de.vu,Male,BMW,Project Manager,1,"Muppets, The"
Allin,McArley,amcarleypq@dropbox.com,Male,BMW,Chemical Engineer,80,Crimes of the Heart
Charlena,Shaw,cshawpr@illinois.edu,Female,Mercedes-Benz,Mechanical Systems Engineer,45,"Wedding Party, The (Die Bluthochzeit)"
Vernor,Pothecary,vpothecaryps@arizona.edu,Male,Hyundai,Community Outreach Specialist,32,Rockers
Matthaeus,Wilflinger,mwilflingerpt@weibo.com,Male,Mitsubishi,Civil Engineer,50,Where Sleeping Dogs Lie
Madlen,Calafato,mcalafatopu@cargocollective.com,Female,Mercedes-Benz,Technical Writer,63,Falling in Love Again
Sherman,Saice,ssaicepv@slate.com,Male,Mitsubishi,Clinical Specialist,16,Gloria
Costa,Crisford,ccrisfordpw@a8.net,Male,Chevrolet,Senior Sales Associate,23,Don 2
Dulcie,Bubeer,dbubeerpx@pen.io,Female,Chevrolet,Biostatistician IV,78,Farinelli: il castrato
Zack,Chasier,zchasierpy@techcrunch.com,Male,Mitsubishi,Structural Engineer,120,Return of the Secaucus 7
Jedd,Brookes,jbrookespz@elpais.com,Male,Buick,Financial Analyst,13,"January Man, The"
Petr,Zini,pziniq0@behance.net,Male,Pontiac,Account Representative II,31,"Hawaiians, The"
Izzy,Bohan,ibohanq1@istockphoto.com,Male,Nissan,Human Resources Assistant IV,106,Tarzan the Fearless
Izabel,Ibel,iibelq2@instagram.com,Female,Hyundai,Staff Scientist,78,Amos & Andrew
Ganny,Clink,gclinkq3@storify.com,Male,Volkswagen,Human Resources Assistant IV,16,"Headhunter's Sister, The"
Germayne,Fluit,gfluitq4@bbb.org,Male,Cadillac,Nurse Practicioner,79,"Das Experiment (Experiment, The)"
Dasie,Yeudall,dyeudallq5@japanpost.jp,Female,Mercury,Assistant Professor,118,Violeta Went to Heaven (Violeta se fue a los cielos)
Fergus,Rosetti,frosettiq6@boston.com,Male,Dodge,Physical Therapy Assistant,46,Raintree County
Farr,MacKeague,fmackeagueq7@bravesites.com,Male,Infiniti,Research Nurse,16,"Sea Is Watching, The (Umi wa miteita)"
Uriel,Weatherburn,uweatherburnq8@paypal.com,Male,Dodge,Information Systems Manager,79,"Man Who Loved Women, The"
Lara,Witcher,lwitcherq9@exblog.jp,Female,Mazda,Structural Engineer,106,Shattered Image
Ced,Garroway,cgarrowayqa@narod.ru,Male,Volkswagen,Environmental Specialist,72,Pompeii
Letty,Riddick,lriddickqb@berkeley.edu,Female,Chevrolet,Developer II,39,"Marine Story, A"
Meriel,Emanuele,memanueleqc@naver.com,Female,BMW,Occupational Therapist,105,That Forsyte Woman
Marjorie,MacCathay,mmaccathayqd@opera.com,Female,Mercury,Account Representative I,23,Dreams (Kvinnodröm)
Merrilee,Ivory,mivoryqe@pen.io,Female,Land Rover,Civil Engineer,77,This Is Not a Film (In film nist)
Marlo,Massimo,mmassimoqf@bloglovin.com,Female,Mitsubishi,Pharmacist,31,The Moromete Family
Gaynor,Phippen,gphippenqg@csmonitor.com,Female,Honda,GIS Technical Architect,37,Threesome
Dud,Huckle,dhuckleqh@linkedin.com,Male,Mitsubishi,Associate Professor,46,"Ballad of Nessie, The"
Helenka,Bottoner,hbottonerqi@homestead.com,Female,Volkswagen,Sales Associate,94,Daria: Is It Fall Yet?
Burnard,Tipping,btippingqj@feedburner.com,Male,Ford,Help Desk Technician,24,Olympia Part One: Festival of the Nations (Olympia 1. Teil - Fest der Völker)
Cristionna,Jardin,cjardinqk@studiopress.com,Female,Mitsubishi,Account Representative I,72,Four Friends (a.k.a. Georgia's Friends)
Vidovic,Churchlow,vchurchlowql@psu.edu,Male,Mitsubishi,Community Outreach Specialist,57,"Stoning of Soraya M., The"
Ignazio,Gajownik,igajownikqm@nydailynews.com,Male,Plymouth,Computer Systems Analyst I,100,"Little Traitor, The"
Jonathon,Braidford,jbraidfordqn@so-net.ne.jp,Male,Hyundai,Senior Developer,67,"Electra, My Love (Szerelmem, Elektra)"
Lulu,Longhirst,llonghirstqo@purevolume.com,Female,Toyota,Electrical Engineer,7,"Devil Bat, The"
Chrisy,Dyka,cdykaqp@aboutads.info,Male,BMW,Teacher,13,May I Kill U?
Hadrian,Bernaert,hbernaertqq@yelp.com,Male,Saturn,Engineer IV,27,Beverly Hills Ninja
Blaine,Pymm,bpymmqr@deliciousdays.com,Male,Ford,Operator,86,Sofia's Last Ambulance (Poslednaka lineika na Sofia)
Jedidiah,Castagnier,jcastagnierqs@craigslist.org,Male,Volvo,Web Developer IV,18,Marie Krøyer
Pearl,D'Ambrosio,pdambrosioqt@vistaprint.com,Female,Ford,Food Chemist,76,"Mortician, The"
Geordie,Dripp,gdrippqu@pbs.org,Male,Subaru,Web Designer II,53,"Cocoanuts, The"
Sven,Dabnot,sdabnotqv@buzzfeed.com,Male,Oldsmobile,Graphic Designer,6,Return to the 36th Chamber (Shao Lin da peng da shi) 
Durant,Zylberdik,dzylberdikqw@instagram.com,Male,Chevrolet,Staff Accountant II,51,Torpedo Run
Lexy,O'Coskerry,locoskerryqx@ebay.com,Female,Infiniti,Engineer I,32,Red Heat
Meade,Niccols,mniccolsqy@indiegogo.com,Male,Mazda,Statistician IV,27,"Wedding Night, The"
Gray,Kelson,gkelsonqz@acquirethisname.com,Female,Maserati,Dental Hygienist,40,Don Juan DeMarco
Hebert,Gronw,hgronwr0@discovery.com,Male,Hyundai,Professor,8,"Buy the Ticket, Take the Ride: Hunter S. Thompson on Film"
Granger,Abby,gabbyr1@tinyurl.com,Male,Toyota,Environmental Specialist,95,The Damned
Jewel,Dunthorn,jdunthornr2@oaic.gov.au,Female,Nissan,Dental Hygienist,88,"Miracle of Bern, The (Wunder von Bern, Das)"
Burton,Zink,bzinkr3@buzzfeed.com,Male,Maserati,Account Executive,55,Wolves
Estele,Attersoll,eattersollr4@yolasite.com,Female,Chevrolet,Software Engineer III,53,"Gospel, The"
Nelia,Cuppitt,ncuppittr5@examiner.com,Female,Cadillac,Project Manager,111,Mystery Men
Glynn,Kennard,gkennardr6@addtoany.com,Male,Pontiac,Social Worker,37,Dreamcatcher
Cathleen,Bilborough,cbilboroughr7@ning.com,Female,Chevrolet,Paralegal,59,Alcina
Leisha,Bleeze,lbleezer8@ezinearticles.com,Female,Mazda,Social Worker,2,Courageous
Court,Sherwood,csherwoodr9@last.fm,Male,Acura,Paralegal,58,Sweet Mud (Adama Meshuga'at)
Sande,Drew,sdrewra@usnews.com,Female,Pontiac,Help Desk Operator,79,Jönssonligan på Mallorca
Gabriellia,Mitskevich,gmitskevichrb@joomla.org,Female,Dodge,Structural Analysis Engineer,40,Wanda
Tina,Trevor,ttrevorrc@accuweather.com,Female,Honda,Engineer III,99,Where Love Has Gone
Elsey,Driffill,edriffillrd@examiner.com,Female,Chevrolet,Data Coordiator,105,"Delivery, The"
Hussein,Bouldon,hbouldonre@house.gov,Male,Ford,Quality Control Specialist,20,Carrie
Sissie,McCambridge,smccambridgerf@weebly.com,Female,Dodge,VP Quality Control,116,4
Mommy,Haugeh,mhaugehrg@hexun.com,Female,Volkswagen,Computer Systems Analyst IV,14,Massacre at Central High
Meredith,Yantsev,myantsevrh@spotify.com,Female,Chevrolet,Mechanical Systems Engineer,105,Lucky 7
Cameron,Teck,cteckri@telegraph.co.uk,Male,Ford,Physical Therapy Assistant,106,"Money Money Money (L'aventure, c'est l'aventure)"
Laurella,Wellings,lwellingsrj@paypal.com,Female,Cadillac,Tax Accountant,11,Voices of Iraq
Oby,Lorne,olornerk@skyrock.com,Male,Mitsubishi,Assistant Professor,65,Vampire in Venice (Nosferatu a Venezia) (Nosferatu in Venice)
Rodrique,Danilchik,rdanilchikrl@boston.com,Male,Chevrolet,Internal Auditor,119,Spiral
Archer,Brownstein,abrownsteinrm@indiegogo.com,Male,Mazda,Desktop Support Technician,108,Hours
Johann,Gridley,jgridleyrn@ask.com,Male,Volkswagen,Help Desk Technician,55,Cool Air
Wilfred,Couthard,wcouthardro@deliciousdays.com,Male,Hummer,Data Coordiator,80,Carancho
Francisca,Radclyffe,fradclyfferp@economist.com,Female,Subaru,Financial Advisor,16,Money (L'argent)
Hamlen,Beacroft,hbeacroftrq@photobucket.com,Male,Suzuki,Nuclear Power Engineer,91,Race
Chickie,Stirtle,cstirtlerr@simplemachines.org,Female,Subaru,VP Product Management,109,Submarino
